Variable_micro_RENAMU,Label,Tipo,N_unicos,Valores,Bloque_tematico,Agregacion_sugerida,Macro_objetivo_ejemplo
idmunici,Código Único de la Municipalidad,character,1874,,Otros/Metadatos,Revisar manualmente,meta_identificadores
ccdd,Código del Departamento,character,25,,Otros/Metadatos,Revisar manualmente,meta_identificadores
ccpp,Código de la Provincia,character,20,,Otros/Metadatos,Revisar manualmente,meta_identificadores
ccdi,Código del Distrito,character,43,,Otros/Metadatos,Revisar manualmente,meta_identificadores
Departamento,Nombre del Departamento,character,25,,Otros/Metadatos,Revisar manualmente,meta_identificadores
Provincia,Nombre de la Provincia,character,198,,Otros/Metadatos,Revisar manualmente,meta_identificadores
Distrito,Nombre del Distrito,character,1732,,Otros/Metadatos,Revisar manualmente,meta_identificadores
catmuni,Categoría de la Municipalidad,haven_labelled,2,Provincial = 1; Distrital = 2; Centro Poblado = 3,Otros/Metadatos,Categoría ordinal/nominal → one-hot o score ordinal,meta_identificadores
year,Año de la encuesta,numeric,5,,Otros/Metadatos,Suma/Media + normalización per cápita o por presupuesto,meta_identificadores
direc_muni,¿Municipalidad informó?,haven_labelled,2,No informó = 0; Informó = 1,Otros/Metadatos,Dummy (0/1) + Conteo por bloque + % sobre total dummies del bloque,meta_identificadores
nomalcalde,Nombres y apellidos del alcalde,character,3995,,Otros/Metadatos,Revisar manualmente,meta_identificadores
sexo,Alcalde de la municipalidad / sexo,haven_labelled,2,Hombre = 1; Mujer = 2,Otros/Metadatos,Categoría ordinal/nominal → one-hot o score ordinal,meta_identificadores
facebook,Facebook de la municipalidad,haven_labelled,2,No = 0; Sí = 1,Otros/Metadatos,Categoría ordinal/nominal → one-hot o score ordinal,meta_identificadores
web,Página web de la municipalidad,haven_labelled,2,No = 0; Sí = 1,Otros/Metadatos,Categoría ordinal/nominal → one-hot o score ordinal,meta_identificadores
propie_muni,¿Municipalidad Informó?,haven_labelled,1,No = 0; Sí = 1,Recursos Físicos y Tecnología,Dummy (0/1) + Conteo por bloque + % sobre total dummies del bloque,agg_equipamiento_municipal
locales_propios,Número de locales / Propios,numeric,83,,Otros/Metadatos,"Suma/Total + tasa per cápita (por 1,000 hab.)",meta_identificadores
locales_alquilados,Número de locales / Alquilados,numeric,24,,Otros/Metadatos,"Suma/Total + tasa per cápita (por 1,000 hab.)",meta_identificadores
locales_cedidos,Número de locales / Cedidos,numeric,33,,Otros/Metadatos,"Suma/Total + tasa per cápita (por 1,000 hab.)",meta_identificadores
maqpes_muni,¿Municipalidad Informó?,haven_labelled,2,No = 0; Sí = 1,Recursos Físicos y Tecnología,Dummy (0/1) + Conteo por bloque + % sobre total dummies del bloque,agg_equipamiento_municipal
maqpes_muni_1a,Número de bienes / Excavadora / Operativos,numeric,6,,Recursos Físicos y Tecnología,Suma por familia + Ratio operativos/(operativos+no operativos),agg_bienes_total_y_ratio_operativos
maqpes_muni_1b,Número de bienes / Excavadora / No operativos,numeric,4,,Recursos Físicos y Tecnología,Suma por familia + Ratio operativos/(operativos+no operativos),agg_bienes_total_y_ratio_operativos
maqpes_muni_2a,Número de bienes / Retroexcavadora / Operativos,numeric,9,,Recursos Físicos y Tecnología,Suma por familia + Ratio operativos/(operativos+no operativos),agg_bienes_total_y_ratio_operativos
maqpes_muni_2b,Número de bienes / Retroexcavadora / No operativos,numeric,5,,Recursos Físicos y Tecnología,Suma por familia + Ratio operativos/(operativos+no operativos),agg_bienes_total_y_ratio_operativos
maqpes_muni_3a,Número de bienes / Motoniveladora / Operativos,numeric,11,,Recursos Físicos y Tecnología,Suma por familia + Ratio operativos/(operativos+no operativos),agg_bienes_total_y_ratio_operativos
maqpes_muni_3b,Número de bienes / Motoniveladora / No operativos,numeric,6,,Recursos Físicos y Tecnología,Suma por familia + Ratio operativos/(operativos+no operativos),agg_bienes_total_y_ratio_operativos
maqpes_muni_4a,Número de bienes / Cargador frontal / Operativos,numeric,14,,Recursos Físicos y Tecnología,Suma por familia + Ratio operativos/(operativos+no operativos),agg_bienes_total_y_ratio_operativos
maqpes_muni_4b,Número de bienes / Cargador frontal / No operativos,numeric,7,,Recursos Físicos y Tecnología,Suma por familia + Ratio operativos/(operativos+no operativos),agg_bienes_total_y_ratio_operativos
maqpes_muni_5a,Número de bienes / Tractor oruga / Operativos,numeric,12,,Recursos Físicos y Tecnología,Suma por familia + Ratio operativos/(operativos+no operativos),agg_bienes_total_y_ratio_operativos
maqpes_muni_5b,Número de bienes / Tractor oruga / No operativos,numeric,10,,Recursos Físicos y Tecnología,Suma por familia + Ratio operativos/(operativos+no operativos),agg_bienes_total_y_ratio_operativos
maqpes_muni_6a,Número de bienes / Tractor agrícola / Operativos,numeric,19,,Recursos Físicos y Tecnología,Suma por familia + Ratio operativos/(operativos+no operativos),agg_bienes_total_y_ratio_operativos
maqpes_muni_6b,Número de bienes / Tractor agrícola / No operativos,numeric,13,,Recursos Físicos y Tecnología,Suma por familia + Ratio operativos/(operativos+no operativos),agg_bienes_total_y_ratio_operativos
maqpes_muni_8a,Número de bienes / Compactadora de suelo / Operativos,numeric,24,,Recursos Físicos y Tecnología,Suma por familia + Ratio operativos/(operativos+no operativos),agg_bienes_total_y_ratio_operativos
maqpes_muni_8b,Número de bienes / Compactadora de suelo / No operativos,numeric,13,,Recursos Físicos y Tecnología,Suma por familia + Ratio operativos/(operativos+no operativos),agg_bienes_total_y_ratio_operativos
maqpes_muni_9a,Número de bienes / Otra maquinaria pesada / Operativos,numeric,13,,Recursos Físicos y Tecnología,Suma por familia + Ratio operativos/(operativos+no operativos),agg_bienes_total_y_ratio_operativos
maqpes_muni_9b,Número de bienes / Otra maquinaria pesada / No operativos,numeric,7,,Recursos Físicos y Tecnología,Suma por familia + Ratio operativos/(operativos+no operativos),agg_bienes_total_y_ratio_operativos
muepeq_muni,¿Municipalidad Informó?,haven_labelled,2,No = 0; Sí = 1,Recursos Físicos y Tecnología,Dummy (0/1) + Conteo por bloque + % sobre total dummies del bloque,agg_equipamiento_municipal
muepeq_muni_1a,Número de bienes / Auto y/o camioneta / Operativos,numeric,100,,Recursos Físicos y Tecnología,Suma por familia + Ratio operativos/(operativos+no operativos),agg_bienes_total_y_ratio_operativos
muepeq_muni_1b,Número de bienes / Auto y/o camioneta / No operativos,numeric,40,,Recursos Físicos y Tecnología,Suma por familia + Ratio operativos/(operativos+no operativos),agg_bienes_total_y_ratio_operativos
muepeq_muni_4a,Número de bienes / Volquete / Operativos,numeric,24,,Recursos Físicos y Tecnología,Suma por familia + Ratio operativos/(operativos+no operativos),agg_bienes_total_y_ratio_operativos
muepeq_muni_4b,Número de bienes / Volquete / No operativos,numeric,14,,Recursos Físicos y Tecnología,Suma por familia + Ratio operativos/(operativos+no operativos),agg_bienes_total_y_ratio_operativos
muepeq_muni_5a,Número de bienes / Camión recolector de basura / Operativos,numeric,32,,Recursos Físicos y Tecnología,Suma por familia + Ratio operativos/(operativos+no operativos),agg_bienes_total_y_ratio_operativos
muepeq_muni_5b,Número de bienes / Camión recolector de basura / No operativos,numeric,21,,Recursos Físicos y Tecnología,Suma por familia + Ratio operativos/(operativos+no operativos),agg_bienes_total_y_ratio_operativos
muepeq_muni_6a,Número de bienes / Camión cisterna / Operativos,numeric,15,,Recursos Físicos y Tecnología,Suma por familia + Ratio operativos/(operativos+no operativos),agg_bienes_total_y_ratio_operativos
muepeq_muni_6b,Número de bienes / Camión cisterna / No operativos,numeric,11,,Recursos Físicos y Tecnología,Suma por familia + Ratio operativos/(operativos+no operativos),agg_bienes_total_y_ratio_operativos
muepeq_muni_7a,Número de bienes / Camión / Operativos,numeric,32,,Recursos Físicos y Tecnología,Suma por familia + Ratio operativos/(operativos+no operativos),agg_bienes_total_y_ratio_operativos
muepeq_muni_7b,Número de bienes / Camión / No operativos,numeric,19,,Recursos Físicos y Tecnología,Suma por familia + Ratio operativos/(operativos+no operativos),agg_bienes_total_y_ratio_operativos
muepeq_muni_3a,Número de bienes / Ambulancia / Operativos,numeric,9,,Recursos Físicos y Tecnología,Suma por familia + Ratio operativos/(operativos+no operativos),agg_bienes_total_y_ratio_operativos
muepeq_muni_3b,Número de bienes / Ambulancia / No operativos,numeric,5,,Recursos Físicos y Tecnología,Suma por familia + Ratio operativos/(operativos+no operativos),agg_bienes_total_y_ratio_operativos
muepeq_muni_2a,Número de bienes / Motocicleta / Operativos,numeric,111,,Recursos Físicos y Tecnología,Suma por familia + Ratio operativos/(operativos+no operativos),agg_bienes_total_y_ratio_operativos
muepeq_muni_2b,Número de bienes / Motocicleta / No operativos,numeric,62,,Recursos Físicos y Tecnología,Suma por familia + Ratio operativos/(operativos+no operativos),agg_bienes_total_y_ratio_operativos
muepeq_muni_8a,Número de bienes / Bote y/o lancha / Operativos,numeric,11,,Recursos Físicos y Tecnología,Suma por familia + Ratio operativos/(operativos+no operativos),agg_bienes_total_y_ratio_operativos
muepeq_muni_8b,Número de bienes / Bote y/o lancha / No operativos,numeric,8,,Recursos Físicos y Tecnología,Suma por familia + Ratio operativos/(operativos+no operativos),agg_bienes_total_y_ratio_operativos
maqpes_muni_7a,Número de bienes / Rodillo liso vibratorio y/o neumático / Operativos,numeric,9,,Recursos Físicos y Tecnología,Suma por familia + Ratio operativos/(operativos+no operativos),agg_bienes_total_y_ratio_operativos
maqpes_muni_7b,Número de bienes / Rodillo liso vibratorio y/o neumático / No operativos,numeric,3,,Recursos Físicos y Tecnología,Suma por familia + Ratio operativos/(operativos+no operativos),agg_bienes_total_y_ratio_operativos
muepeq_muni_9a,Número de bienes / Grupo electrógeno / Operativos,numeric,30,,Recursos Físicos y Tecnología,Suma por familia + Ratio operativos/(operativos+no operativos),agg_bienes_total_y_ratio_operativos
muepeq_muni_9b,Número de bienes / Grupo electrógeno / No operativos,numeric,15,,Recursos Físicos y Tecnología,Suma por familia + Ratio operativos/(operativos+no operativos),agg_bienes_total_y_ratio_operativos
muepeq_muni_10a,Número de bienes / Panel solar / Operativos,numeric,28,,Recursos Físicos y Tecnología,Suma por familia + Ratio operativos/(operativos+no operativos),agg_bienes_total_y_ratio_operativos
muepeq_muni_10b,Número de bienes / Panel solar / No operativos,numeric,15,,Recursos Físicos y Tecnología,Suma por familia + Ratio operativos/(operativos+no operativos),agg_bienes_total_y_ratio_operativos
muepeq_muni_11a,Número de bienes / Otro vehículo y/o equipo / Operativos,numeric,39,,Recursos Físicos y Tecnología,Suma por familia + Ratio operativos/(operativos+no operativos),agg_bienes_total_y_ratio_operativos
muepeq_muni_11b,Número de bienes / Otro vehículo y/o equipo / No operativos,numeric,15,,Recursos Físicos y Tecnología,Suma por familia + Ratio operativos/(operativos+no operativos),agg_bienes_total_y_ratio_operativos
comu_muni,¿Municipalidad Informó?,haven_labelled,2,No = 0; Sí = 1,Recursos Físicos y Tecnología,Dummy (0/1) + Conteo por bloque + % sobre total dummies del bloque,agg_equipamiento_municipal
comu_muni_2,Número de líneas fijas,numeric,63,,Recursos Físicos y Tecnología,"Suma/Total + tasa per cápita (por 1,000 hab.)",agg_equipamiento_municipal
comu_muni_4,"Número de líneas móviles (incluye RPC, RPM y otros)",numeric,155,,Recursos Físicos y Tecnología,"Suma/Total + tasa per cápita (por 1,000 hab.)",agg_equipamiento_municipal
compu_muni,¿Municipalidad Informó?,haven_labelled,2,No = 0; Sí = 1,Recursos Físicos y Tecnología,Dummy (0/1) + Conteo por bloque + % sobre total dummies del bloque,indice_tecnologia_muni
compu_muni_1,"Número de computadoras operativas/ Pentium (I, II, III y IV)",numeric,77,,Recursos Físicos y Tecnología,"Suma/Total + tasa per cápita (por 1,000 hab.)",agg_bienes_total_y_ratio_operativos
compu_muni_2,Número de computadoras operativas / Pentium D y/o Celeron,numeric,60,,Recursos Físicos y Tecnología,"Suma/Total + tasa per cápita (por 1,000 hab.)",agg_bienes_total_y_ratio_operativos
compu_muni_3,Número de computadoras operativas / Core Duo y/o Core 2 Duo,numeric,152,,Recursos Físicos y Tecnología,"Suma/Total + tasa per cápita (por 1,000 hab.)",agg_bienes_total_y_ratio_operativos
compu_muni_4,Número de computadoras operativas / Core 2 Quad,numeric,66,,Recursos Físicos y Tecnología,"Suma/Total + tasa per cápita (por 1,000 hab.)",agg_bienes_total_y_ratio_operativos
compu_muni_5,Número de computadoras operativas / Core i3,numeric,138,,Recursos Físicos y Tecnología,"Suma/Total + tasa per cápita (por 1,000 hab.)",agg_bienes_total_y_ratio_operativos
compu_muni_6,Número de computadoras operativas / Core i5,numeric,204,,Recursos Físicos y Tecnología,"Suma/Total + tasa per cápita (por 1,000 hab.)",agg_bienes_total_y_ratio_operativos
compu_muni_7,Número de computadoras operativas / Core i7,numeric,173,,Recursos Físicos y Tecnología,"Suma/Total + tasa per cápita (por 1,000 hab.)",agg_bienes_total_y_ratio_operativos
compu_muni_8,Número de computadoras operativas / (Advanced Micro Device),numeric,69,,Recursos Físicos y Tecnología,"Suma/Total + tasa per cápita (por 1,000 hab.)",agg_bienes_total_y_ratio_operativos
compu_muni_9,Número de computadoras operativas / Otro,numeric,31,,Recursos Físicos y Tecnología,"Suma/Total + tasa per cápita (por 1,000 hab.)",agg_bienes_total_y_ratio_operativos
impres_muni,¿Municipalidad Informó?,haven_labelled,2,No = 0; Sí = 1,Recursos Físicos y Tecnología,Dummy (0/1) + Conteo por bloque + % sobre total dummies del bloque,agg_equipamiento_municipal
impres_muni_2,Número de equipos operativos / Fotocopiadoras,numeric,56,,Recursos Físicos y Tecnología,Suma por familia + Ratio operativos/(operativos+no operativos),agg_bienes_total_y_ratio_operativos
impres_muni_4,Número de equipos operativos / Escáner,numeric,49,,Recursos Físicos y Tecnología,Suma por familia + Ratio operativos/(operativos+no operativos),agg_bienes_total_y_ratio_operativos
impres_muni_6,Número de equipos operativos / Impresora básica,numeric,168,,Recursos Físicos y Tecnología,Suma por familia + Ratio operativos/(operativos+no operativos),agg_bienes_total_y_ratio_operativos
impres_muni_8,Número de equipos operativos / Impresora multifuncional,numeric,140,,Recursos Físicos y Tecnología,Suma por familia + Ratio operativos/(operativos+no operativos),agg_bienes_total_y_ratio_operativos
impres_muni_10,Número de equipos operativos / Proyector multimedia,numeric,56,,Recursos Físicos y Tecnología,Suma por familia + Ratio operativos/(operativos+no operativos),agg_bienes_total_y_ratio_operativos
impres_muni_12,Número de equipos operativos / Otro,numeric,19,,Recursos Físicos y Tecnología,Suma por familia + Ratio operativos/(operativos+no operativos),agg_bienes_total_y_ratio_operativos
red_muni,¿Municipalidad Informó?,haven_labelled,1,No = 0; Sí = 1,Recursos Físicos y Tecnología,Dummy (0/1) + Conteo por bloque + % sobre total dummies del bloque,agg_equipamiento_municipal
red_muni_2,Número de computadoras interconectadas a red informática local,numeric,282,,Recursos Físicos y Tecnología,"Suma/Total + tasa per cápita (por 1,000 hab.)",agg_equipamiento_municipal
inter_muni,¿Municipalidad Informó?,haven_labelled,2,No = 0; Sí = 1,Recursos Físicos y Tecnología,Dummy (0/1) + Conteo por bloque + % sobre total dummies del bloque,agg_equipamiento_municipal
inter_muni_2,Número de computadoras con acceso a internet,numeric,412,,Recursos Físicos y Tecnología,"Suma/Total + tasa per cápita (por 1,000 hab.)",agg_equipamiento_municipal
inter_muni_3,Tipo de conexión a internet,haven_labelled,6,Si = 1; No = 2,Recursos Físicos y Tecnología,Categoría ordinal/nominal → one-hot o score ordinal,agg_equipamiento_municipal
portal_muni,¿Municipalidad Informó?,haven_labelled,2,No = 0; Sí = 1,Recursos Físicos y Tecnología,Dummy (0/1) + Conteo por bloque + % sobre total dummies del bloque,agg_equipamiento_municipal
portal_muni_1,¿La municipalidad tiene Portal de Transparencia Estándar?,haven_labelled,4," Sí y está actualizado = 1; Sí y esta desactualizado = 2; No tiene, porque está en proceso de implementación = 3; No tiene, porque desconoce cómo implementarlo = 4",Recursos Físicos y Tecnología,Dummy (0/1) + Conteo por bloque + % sobre total dummies del bloque,agg_equipamiento_municipal
propie_muni_1,Número de predios de propiedad municipal,numeric,158,,Recursos Físicos y Tecnología,"Suma/Total + tasa per cápita (por 1,000 hab.)",agg_equipamiento_municipal
propie_muni_2,Número de predios cedidos temporalmente en uso por otras entidades,numeric,46,,Recursos Físicos y Tecnología,"Suma/Total + tasa per cápita (por 1,000 hab.)",agg_equipamiento_municipal
propie_muni_3,Número de predios de propiedad municipal inscritos en registros públicos,numeric,105,,Recursos Físicos y Tecnología,"Suma/Total + tasa per cápita (por 1,000 hab.)",agg_equipamiento_municipal
propie_muni_4,Número de predios de propiedad y/o cedidos registrados en el SINABIP de la SBN,numeric,56,,Recursos Físicos y Tecnología,"Suma/Total + tasa per cápita (por 1,000 hab.)",agg_equipamiento_municipal
propie_muni_5,Número de predios de propiedad y/o cedidos que están desocupados,numeric,18,,Recursos Físicos y Tecnología,"Suma/Total + tasa per cápita (por 1,000 hab.)",agg_equipamiento_municipal
propie_muni_6,Número de predios de propiedad y/o cedidos con procesos judiciales,numeric,14,,Recursos Físicos y Tecnología,"Suma/Total + tasa per cápita (por 1,000 hab.)",agg_equipamiento_municipal
admin_muni_prop,¿La municipalidad cuenta con locales propios?,haven_labelled,2,No = 0; Sí = 1,Recursos Físicos y Tecnología,Dummy (0/1) + Conteo por bloque + % sobre total dummies del bloque,agg_equipamiento_municipal
admin_muni_alq,¿La municipalidad cuenta con locales alquilados?,haven_labelled,2,No = 0; Sí = 1,Recursos Físicos y Tecnología,Dummy (0/1) + Conteo por bloque + % sobre total dummies del bloque,agg_equipamiento_municipal
admin_muni_ced,¿La municipalidad cuenta con locales cedidos?,haven_labelled,2,No = 0; Sí = 1,Recursos Físicos y Tecnología,Dummy (0/1) + Conteo por bloque + % sobre total dummies del bloque,agg_equipamiento_municipal
muepeq_muni_12a,Número de bienes / Otro vehículo y/o equipo (2) / Operativos,numeric,3,,Recursos Físicos y Tecnología,Suma por familia + Ratio operativos/(operativos+no operativos),agg_bienes_total_y_ratio_operativos
muepeq_muni_12b,Número de bienes / Otro vehículo y/o equipo (2) / No operativos,numeric,2,,Recursos Físicos y Tecnología,Suma por familia + Ratio operativos/(operativos+no operativos),agg_bienes_total_y_ratio_operativos
per_001,Municipalidad,haven_labelled,2,No = 0; Sí = 1,Recursos Humanos,Categoría ordinal/nominal → one-hot o score ordinal,agg_personal_total_y_por_regimen
per_002,Total personal / Funcionarios y/o Directivos,numeric,111,,Recursos Humanos,"Suma/Total + tasa per cápita (por 1,000 hab.)",agg_personal_total_y_por_regimen
per_003,Decreto Legislativo N° 276 / Nombrado / Funcionarios y Directivos / Mujer,numeric,31,,Recursos Humanos,Proporción por sexo + Total,ratio_mujeres_personal
per_004,Decreto Legislativo N° 276 / Nombrado / Funcionarios y/o Directivos / Hombre,numeric,49,,Recursos Humanos,Proporción por sexo + Total,ratio_hombres_personal
per_005,Decreto Legislativo N° 276 / Contratado / Funcionarios y/o Directivos / Mujer,numeric,29,,Recursos Humanos,Proporción por sexo + Total,ratio_mujeres_personal
per_006,Decreto Legislativo N° 276 / Contratado / Funcionarios y/ o Directivos / Hombre,numeric,53,,Recursos Humanos,Proporción por sexo + Total,ratio_hombres_personal
per_007,Decreto Legislativo N° 728 / Funcionarios y/o Directivos / Mujer,numeric,2,,Recursos Humanos,Proporción por sexo + Total,ratio_mujeres_personal
per_008,Decreto Legislativo N° 728 / Funcionarios y/ o Directivos / Hombre,numeric,1,,Recursos Humanos,Proporción por sexo + Total,ratio_hombres_personal
per_009,Contrato Administrativo de Servicios (CAS) / Funcionarios y/o Directivos / Mujer,numeric,29,,Recursos Humanos,Proporción por sexo + Total,ratio_mujeres_personal
per_010,Contrato Administrativo de Servicios (CAS) / Funcionarios y/o Directivos / Hombr,numeric,49,,Recursos Humanos,Suma/Media + normalización per cápita o por presupuesto,agg_personal_total_y_por_regimen
per_087,Locación de Servicios / Funcionarios y/o Directivos / Mujer,numeric,28,,Recursos Humanos,Proporción por sexo + Total,ratio_mujeres_personal
per_088,Locación de Servicios / Funcionarios y/o Directivos / Hombre,numeric,43,,Recursos Humanos,Proporción por sexo + Total,ratio_hombres_personal
per_011,Total personal / Empleados / Profesionales,numeric,227,,Recursos Humanos,"Suma/Total + tasa per cápita (por 1,000 hab.)",agg_personal_total_y_por_regimen
per_012,Decreto Legislativo N° 276 / Nombrado / Empleados / Profesionales / Mujer,numeric,41,,Recursos Humanos,Proporción por sexo + Total,ratio_mujeres_personal
per_013,Decreto Legislativo N° 276 / Nombrado / Empleados / Profesionales / Hombre,numeric,38,,Recursos Humanos,Proporción por sexo + Total,ratio_hombres_personal
per_014,Decreto Legislativo N° 276 / Contratado/ Empleados / Profesionales / Mujer,numeric,47,,Recursos Humanos,Proporción por sexo + Total,ratio_mujeres_personal
per_015,Decreto Legislativo N° 276 / Contratado/ Empleados / Profesionales / Hombre,numeric,82,,Recursos Humanos,Proporción por sexo + Total,ratio_hombres_personal
per_016,Decreto Legislativo N° 728 / Empleados / Profesionales / Mujer,numeric,1,,Recursos Humanos,Proporción por sexo + Total,ratio_mujeres_personal
per_017,Decreto Legislativo N° 728 / Empleados / Profesionales / Hombre,numeric,2,,Recursos Humanos,Proporción por sexo + Total,ratio_hombres_personal
per_018,Contrato Administrativo de Servicios (CAS) / Empleados / Profesionales / Mujer,numeric,93,,Recursos Humanos,Proporción por sexo + Total,ratio_mujeres_personal
per_019,Contrato Administrativo de Servicios(CAS)/ Empleados / Profesionales / Hombre,numeric,101,,Recursos Humanos,Proporción por sexo + Total,ratio_hombres_personal
per_089,Locación de Servicios / Empleados / Profesionales / Mujer,numeric,65,,Recursos Humanos,Proporción por sexo + Total,ratio_mujeres_personal
per_090,Locación de Servicios / Empleados / Profesionales / Hombre,numeric,81,,Recursos Humanos,Proporción por sexo + Total,ratio_hombres_personal
per_020,Total personal / Empleados / Técnicos,numeric,333,,Recursos Humanos,"Suma/Total + tasa per cápita (por 1,000 hab.)",agg_personal_total_y_por_regimen
per_021,Decreto Legislativo N° 276 / Nombrado / Empleados / Técnicos / Mujer,numeric,65,,Recursos Humanos,Proporción por sexo + Total,ratio_mujeres_personal
per_022,Decreto Legislativo N° 276 / Nombrado / Empleados / Técnicos / Hombre,numeric,82,,Recursos Humanos,Proporción por sexo + Total,ratio_hombres_personal
per_023,Decreto Legislativo N° 276/ Contratado / Empleados / Técnicos / Mujer,numeric,62,,Recursos Humanos,Proporción por sexo + Total,ratio_mujeres_personal
per_024,Decreto Legislativo N° 276 / Contratado / Empleados / Técnicos / Hombre,numeric,82,,Recursos Humanos,Proporción por sexo + Total,ratio_hombres_personal
per_025,Decreto Legislativo N° 728/ Empleados / Técnicos / Mujer,numeric,2,,Recursos Humanos,Proporción por sexo + Total,ratio_mujeres_personal
per_026,Decreto Legislativo N° 728 / Empleados / Técnicos / Hombre,numeric,2,,Recursos Humanos,Proporción por sexo + Total,ratio_hombres_personal
per_027,Contrato Administrativo de Servicios (CAS) / Empleados / Técnicos / Mujer,numeric,135,,Recursos Humanos,Proporción por sexo + Total,ratio_mujeres_personal
per_028,Contrato Administrativo de Servicios (CAS) / Empleados / Técnicos / Hombre,numeric,162,,Recursos Humanos,Proporción por sexo + Total,ratio_hombres_personal
per_091,Locación de Servicios / Empleados / Técnicos / Mujer,numeric,91,,Recursos Humanos,Proporción por sexo + Total,ratio_mujeres_personal
per_092,Locación de Servicios / Empleados / Técnicos / Hombre,numeric,108,,Recursos Humanos,Proporción por sexo + Total,ratio_hombres_personal
per_029,Total personal / Empleados / Auxiliares,numeric,335,,Recursos Humanos,"Suma/Total + tasa per cápita (por 1,000 hab.)",agg_personal_total_y_por_regimen
per_030,Decreto Legislativo N° 276 / Nombrado / Empleados / Auxiliares / Mujer,numeric,48,,Recursos Humanos,Proporción por sexo + Total,ratio_mujeres_personal
per_031,Decreto Legislativo N° 276 / Nombrado / Empleados / Auxiliares / Hombre,numeric,70,,Recursos Humanos,Proporción por sexo + Total,ratio_hombres_personal
per_032,Decreto Legislativo N° 276 / Contratado/ Empleados / Auxiliares / Mujer,numeric,62,,Recursos Humanos,Proporción por sexo + Total,ratio_mujeres_personal
per_033,Decreto Legislativo N° 276 / Contratado/ Empleados / Auxiliares / Hombre,numeric,75,,Recursos Humanos,Proporción por sexo + Total,ratio_hombres_personal
per_034,Decreto Legislativo N° 728 / Empleados / Auxiliares / Mujer,numeric,4,,Recursos Humanos,Proporción por sexo + Total,ratio_mujeres_personal
per_035,Decreto Legislativo N° 728 / Empleados / Auxiliares / Hombre,numeric,4,,Recursos Humanos,Proporción por sexo + Total,ratio_hombres_personal
per_036,Contrato Administrativo de Servicios (CAS) / Empleados / Auxiliares / Mujer,numeric,154,,Recursos Humanos,Proporción por sexo + Total,ratio_mujeres_personal
per_037,Contrato Administrativo de Servicios (CAS) / Empleados / Auxiliares / Hombre,numeric,191,,Recursos Humanos,Proporción por sexo + Total,ratio_hombres_personal
per_093,Locación de Servicios / Empleados / Auxiliares / Mujer,numeric,78,,Recursos Humanos,Proporción por sexo + Total,ratio_mujeres_personal
per_094,Locación de Servicios / Empleados / Auxiliares / Hombre,numeric,110,,Recursos Humanos,Proporción por sexo + Total,ratio_hombres_personal
per_038,Total personal / Obreros / De limpieza,numeric,259,,Recursos Humanos,"Suma/Total + tasa per cápita (por 1,000 hab.)",agg_personal_total_y_por_regimen
per_039,Decreto Legislativo N° 276 / Nombrado / Obreros / De limpieza / Mujer,numeric,22,,Recursos Humanos,Proporción por sexo + Total,ratio_mujeres_personal
per_040,Decreto Legislativo N° 276 / Nombrado / Obreros / De limpieza / Hombre,numeric,32,,Recursos Humanos,Proporción por sexo + Total,ratio_hombres_personal
per_041,Decreto Legislativo N° 276 / Contratado / Obreros / De limpieza / Mujer,numeric,22,,Recursos Humanos,Proporción por sexo + Total,ratio_mujeres_personal
per_042,Decreto Legislativo N° 276 / Contratado / Obreros / De limpieza / Hombre,numeric,27,,Recursos Humanos,Proporción por sexo + Total,ratio_hombres_personal
per_043,Decreto Legislativo N° 728 / Obreros / De limpieza / Mujer,numeric,105,,Recursos Humanos,Proporción por sexo + Total,ratio_mujeres_personal
per_044,Decreto Legislativo N° 728 / Obreros / De limpieza / Hombre,numeric,145,,Recursos Humanos,Proporción por sexo + Total,ratio_hombres_personal
per_045,Contrato Administrativo de Servicios (CAS) / Obreros / De limpieza / Mujer,numeric,92,,Recursos Humanos,Proporción por sexo + Total,ratio_mujeres_personal
per_046,Contrato Administrativo de Servicios (CAS) / Obreros / De limpieza / Hombre,numeric,97,,Recursos Humanos,Proporción por sexo + Total,ratio_hombres_personal
per_095,Locación de Servicios / Obreros / De limpieza / Mujer,numeric,65,,Recursos Humanos,Proporción por sexo + Total,ratio_mujeres_personal
per_096,Locación de Servicios / Obreros / De limpieza / Hombre,numeric,65,,Recursos Humanos,Proporción por sexo + Total,ratio_hombres_personal
per_047,Total personal / Obreros / Otros,numeric,377,,Recursos Humanos,"Suma/Total + tasa per cápita (por 1,000 hab.)",agg_personal_total_y_por_regimen
per_048,Decreto Legislativo N° 276 / Nombrado / Obreros / Otros / Mujer,numeric,17,,Recursos Humanos,Proporción por sexo + Total,ratio_mujeres_personal
per_049,Decreto Legislativo N° 276 / Nombrado / Obreros / Otros / Hombre,numeric,37,,Recursos Humanos,Proporción por sexo + Total,ratio_hombres_personal
per_050,Decreto Legislativo N° 276 / Contratado / Obreros / Otros / Mujer,numeric,16,,Recursos Humanos,Proporción por sexo + Total,ratio_mujeres_personal
per_051,Decreto Legislativo N° 276/ Contratado / Obreros / Otros / Hombre,numeric,37,,Recursos Humanos,Proporción por sexo + Total,ratio_hombres_personal
per_052,Decreto Legislativo N° 728 / Obreros / Otros / Mujer,numeric,141,,Recursos Humanos,Proporción por sexo + Total,ratio_mujeres_personal
per_053,Decreto Legislativo N° 728 / Obreros / Otros / Hombre,numeric,261,,Recursos Humanos,Proporción por sexo + Total,ratio_hombres_personal
per_054,Contrato Administrativo de Servicios (CAS) / Obreros / Otros / Mujer,numeric,73,,Recursos Humanos,Proporción por sexo + Total,ratio_mujeres_personal
per_055,Contrato Administrativo de Servicios (CAS) / Obreros / Otros / Hombre,numeric,114,,Recursos Humanos,Proporción por sexo + Total,ratio_hombres_personal
per_097,Locación de Servicios / Obreros / Otros / Mujer,numeric,62,,Recursos Humanos,Proporción por sexo + Total,ratio_mujeres_personal
per_098,Locación de Servicios / Obreros / Otros / Hombre,numeric,116,,Recursos Humanos,Proporción por sexo + Total,ratio_hombres_personal
per_056,Total personal / Personal de Vigilancia / Interna de los Locales Municipales,numeric,108,,Recursos Humanos,"Suma/Total + tasa per cápita (por 1,000 hab.)",agg_personal_total_y_por_regimen
per_057,Decreto Legislativo N° 276 / Nombrado / Personal de Vigilancia / Interna de los,numeric,13,,Recursos Humanos,Suma/Media + normalización per cápita o por presupuesto,agg_personal_total_y_por_regimen
per_058,  Decreto Legislativo N° 276/ Nombrado/ Personal de Vigilancia / Interna de los,numeric,25,,Recursos Humanos,Suma/Media + normalización per cápita o por presupuesto,agg_personal_total_y_por_regimen
per_059,Decreto Legislativo N° 276 / Contratado/ Personal de Vigilancia / Interna de lo,numeric,13,,Recursos Humanos,Suma/Media + normalización per cápita o por presupuesto,agg_personal_total_y_por_regimen
per_060,Decreto Legislativo N° 276 / Contratado/ Personal de Vigilancia / Interna de lo,numeric,21,,Recursos Humanos,Suma/Media + normalización per cápita o por presupuesto,agg_personal_total_y_por_regimen
per_061,Decreto Legislativo N° 728 / Personal de Vigilancia / Interna de los Locales Mu,numeric,27,,Recursos Humanos,Suma/Media + normalización per cápita o por presupuesto,agg_personal_total_y_por_regimen
per_062,Decreto Legislativo N° 728 / Personal de Vigilancia / Interna de los Locales Mu,numeric,59,,Recursos Humanos,Suma/Media + normalización per cápita o por presupuesto,agg_personal_total_y_por_regimen
per_063,Contrato Administrativo de Servicios(CAS) / Personal de Vigilancia / Interna de,numeric,36,,Recursos Humanos,Suma/Media + normalización per cápita o por presupuesto,agg_personal_total_y_por_regimen
per_064,Contrato Administrativo de Servicios (CAS) / Personal de Vigilancia / Interna de,numeric,68,,Recursos Humanos,Suma/Media + normalización per cápita o por presupuesto,agg_personal_total_y_por_regimen
per_099,Locación de Servicios / Personal de Vigilancia / Efectivos de Serenazgo / Mujer,numeric,28,,Recursos Humanos,Proporción por sexo + Total,ratio_mujeres_personal
per_100,Locación de Servicios / Personal de Vigilancia / Efectivos de Serenazgo / Hombr,numeric,62,,Recursos Humanos,Suma/Media + normalización per cápita o por presupuesto,agg_personal_total_y_por_regimen
per_065,Total personal,numeric,790,,Recursos Humanos,"Suma/Total + tasa per cápita (por 1,000 hab.)",agg_personal_total_y_por_regimen
per_066,Decreto Legislativo N° 276 / Nombrado / Mujer,numeric,113,,Recursos Humanos,Proporción por sexo + Total,ratio_mujeres_personal
per_067,Decreto Legislativo N° 276 / Nombrado / Hombre,numeric,151,,Recursos Humanos,Proporción por sexo + Total,ratio_hombres_personal
per_068,Decreto Legislativo N° 276 / Contratado / Mujer,numeric,115,,Recursos Humanos,Proporción por sexo + Total,ratio_mujeres_personal
per_069,Decreto Legislativo N° 276 / Contratado / Hombre,numeric,168,,Recursos Humanos,Proporción por sexo + Total,ratio_hombres_personal
per_070,Decreto Legislativo N° 728 / Mujer,numeric,189,,Recursos Humanos,Proporción por sexo + Total,ratio_mujeres_personal
per_071,Decreto Legislativo N° 728 / Hombre,numeric,312,,Recursos Humanos,Proporción por sexo + Total,ratio_hombres_personal
per_072,Contrato Administrativo de Servicios (CAS) / Mujer,numeric,285,,Recursos Humanos,Proporción por sexo + Total,ratio_mujeres_personal
per_073,Contrato Administrativo de Servicios (CAS) / Hombre,numeric,351,,Recursos Humanos,Proporción por sexo + Total,ratio_hombres_personal
per_085,Locación de Servicios / Mujer,numeric,223,,Recursos Humanos,Proporción por sexo + Total,ratio_mujeres_personal
per_086,Locación de Servicios / Hombre,numeric,291,,Recursos Humanos,Proporción por sexo + Total,ratio_hombres_personal
per_074,,numeric,719,,Recursos Humanos,Suma/Media + normalización per cápita o por presupuesto,agg_personal_total_y_por_regimen
per_075,,numeric,103,,Recursos Humanos,Suma/Media + normalización per cápita o por presupuesto,agg_personal_total_y_por_regimen
per_076,,numeric,140,,Recursos Humanos,Suma/Media + normalización per cápita o por presupuesto,agg_personal_total_y_por_regimen
per_077,,numeric,106,,Recursos Humanos,Suma/Media + normalización per cápita o por presupuesto,agg_personal_total_y_por_regimen
per_078,,numeric,157,,Recursos Humanos,Suma/Media + normalización per cápita o por presupuesto,agg_personal_total_y_por_regimen
per_079,,numeric,173,,Recursos Humanos,Suma/Media + normalización per cápita o por presupuesto,agg_personal_total_y_por_regimen
per_080,,numeric,293,,Recursos Humanos,Suma/Media + normalización per cápita o por presupuesto,agg_personal_total_y_por_regimen
per_081,,numeric,265,,Recursos Humanos,Suma/Media + normalización per cápita o por presupuesto,agg_personal_total_y_por_regimen
per_082,,numeric,326,,Recursos Humanos,Suma/Media + normalización per cápita o por presupuesto,agg_personal_total_y_por_regimen
per_083,,numeric,205,,Recursos Humanos,Suma/Media + normalización per cápita o por presupuesto,agg_personal_total_y_por_regimen
per_084,,numeric,260,,Recursos Humanos,Suma/Media + normalización per cápita o por presupuesto,agg_personal_total_y_por_regimen
ing_01,ing_01,haven_labelled,1,No = 0; Sí = 1,Finanzas Municipales,Categoría ordinal/nominal → one-hot o score ordinal,ingresos_totales_y_composicion
ing_02,,numeric,7489,,Finanzas Municipales,Suma/Media + normalización per cápita o por presupuesto,ingresos_totales_y_composicion
ing_03,,numeric,7470,,Finanzas Municipales,Suma/Media + normalización per cápita o por presupuesto,ingresos_totales_y_composicion
ing_04,,numeric,4997,,Finanzas Municipales,Suma/Media + normalización per cápita o por presupuesto,ingresos_totales_y_composicion
ing_05,,numeric,4971,,Finanzas Municipales,Suma/Media + normalización per cápita o por presupuesto,ingresos_totales_y_composicion
ing_06,,numeric,2685,,Finanzas Municipales,Suma/Media + normalización per cápita o por presupuesto,ingresos_totales_y_composicion
ing_07,,numeric,612,,Finanzas Municipales,Suma/Media + normalización per cápita o por presupuesto,ingresos_totales_y_composicion
ing_08,,numeric,95,,Finanzas Municipales,Suma/Media + normalización per cápita o por presupuesto,ingresos_totales_y_composicion
ing_09,,numeric,138,,Finanzas Municipales,Suma/Media + normalización per cápita o por presupuesto,ingresos_totales_y_composicion
ing_10,,numeric,995,,Finanzas Municipales,Suma/Media + normalización per cápita o por presupuesto,ingresos_totales_y_composicion
ing_11,,numeric,567,,Finanzas Municipales,Suma/Media + normalización per cápita o por presupuesto,ingresos_totales_y_composicion
ing_12,,numeric,1121,,Finanzas Municipales,Suma/Media + normalización per cápita o por presupuesto,ingresos_totales_y_composicion
ing_13,,numeric,38,,Finanzas Municipales,Suma/Media + normalización per cápita o por presupuesto,ingresos_totales_y_composicion
ing_14,,numeric,6648,,Finanzas Municipales,Suma/Media + normalización per cápita o por presupuesto,ingresos_totales_y_composicion
ing_15,,numeric,4621,,Finanzas Municipales,Suma/Media + normalización per cápita o por presupuesto,ingresos_totales_y_composicion
ing_16,,numeric,887,,Finanzas Municipales,Suma/Media + normalización per cápita o por presupuesto,ingresos_totales_y_composicion
ing_17,,numeric,1771,,Finanzas Municipales,Suma/Media + normalización per cápita o por presupuesto,ingresos_totales_y_composicion
ing_18,,numeric,3082,,Finanzas Municipales,Suma/Media + normalización per cápita o por presupuesto,ingresos_totales_y_composicion
ing_19,,numeric,1319,,Finanzas Municipales,Suma/Media + normalización per cápita o por presupuesto,ingresos_totales_y_composicion
ing_20,,numeric,2344,,Finanzas Municipales,Suma/Media + normalización per cápita o por presupuesto,ingresos_totales_y_composicion
ing_21,,numeric,4044,,Finanzas Municipales,Suma/Media + normalización per cápita o por presupuesto,ingresos_totales_y_composicion
ing_22,,numeric,3127,,Finanzas Municipales,Suma/Media + normalización per cápita o por presupuesto,ingresos_totales_y_composicion
ing_23,,numeric,550,,Finanzas Municipales,Suma/Media + normalización per cápita o por presupuesto,ingresos_totales_y_composicion
ing_24,,numeric,72,,Finanzas Municipales,Suma/Media + normalización per cápita o por presupuesto,ingresos_totales_y_composicion
ing_25,,numeric,144,,Finanzas Municipales,Suma/Media + normalización per cápita o por presupuesto,ingresos_totales_y_composicion
ing_26,,numeric,1677,,Finanzas Municipales,Suma/Media + normalización per cápita o por presupuesto,ingresos_totales_y_composicion
ing_27,,numeric,700,,Finanzas Municipales,Suma/Media + normalización per cápita o por presupuesto,ingresos_totales_y_composicion
ing_28,,numeric,1085,,Finanzas Municipales,Suma/Media + normalización per cápita o por presupuesto,ingresos_totales_y_composicion
ing_29,,numeric,333,,Finanzas Municipales,Suma/Media + normalización per cápita o por presupuesto,ingresos_totales_y_composicion
ing_30,,numeric,1159,,Finanzas Municipales,Suma/Media + normalización per cápita o por presupuesto,ingresos_totales_y_composicion
ing_31,,numeric,3368,,Finanzas Municipales,Suma/Media + normalización per cápita o por presupuesto,ingresos_totales_y_composicion
ing_32,,numeric,3502,,Finanzas Municipales,Suma/Media + normalización per cápita o por presupuesto,ingresos_totales_y_composicion
ing_33,,numeric,2764,,Finanzas Municipales,Suma/Media + normalización per cápita o por presupuesto,ingresos_totales_y_composicion
ing_34,,numeric,7411,,Finanzas Municipales,Suma/Media + normalización per cápita o por presupuesto,ingresos_totales_y_composicion
ing_35,,numeric,5058,,Finanzas Municipales,Suma/Media + normalización per cápita o por presupuesto,ingresos_totales_y_composicion
ing_36,,numeric,7284,,Finanzas Municipales,Suma/Media + normalización per cápita o por presupuesto,ingresos_totales_y_composicion
ing_37,,numeric,3036,,Finanzas Municipales,Suma/Media + normalización per cápita o por presupuesto,ingresos_totales_y_composicion
ing_38,,numeric,447,,Finanzas Municipales,Suma/Media + normalización per cápita o por presupuesto,ingresos_totales_y_composicion
ing_39,,numeric,1936,,Finanzas Municipales,Suma/Media + normalización per cápita o por presupuesto,ingresos_totales_y_composicion
ing_40,,numeric,324,,Finanzas Municipales,Suma/Media + normalización per cápita o por presupuesto,ingresos_totales_y_composicion
ing_41,,numeric,160,,Finanzas Municipales,Suma/Media + normalización per cápita o por presupuesto,ingresos_totales_y_composicion
ing_42,,numeric,7476,,Finanzas Municipales,Suma/Media + normalización per cápita o por presupuesto,ingresos_totales_y_composicion
ing_43,,numeric,7119,,Finanzas Municipales,Suma/Media + normalización per cápita o por presupuesto,ingresos_totales_y_composicion
ing_44,,numeric,431,,Finanzas Municipales,Suma/Media + normalización per cápita o por presupuesto,ingresos_totales_y_composicion
ing_45,,numeric,324,,Finanzas Municipales,Suma/Media + normalización per cápita o por presupuesto,ingresos_totales_y_composicion
ing_46,,numeric,6333,,Finanzas Municipales,Suma/Media + normalización per cápita o por presupuesto,ingresos_totales_y_composicion
ing_47,,numeric,1983,,Finanzas Municipales,Suma/Media + normalización per cápita o por presupuesto,ingresos_totales_y_composicion
ing_48,,numeric,4664,,Finanzas Municipales,Suma/Media + normalización per cápita o por presupuesto,ingresos_totales_y_composicion
ing_49,,numeric,2165,,Finanzas Municipales,Suma/Media + normalización per cápita o por presupuesto,ingresos_totales_y_composicion
ing_50,,numeric,255,,Finanzas Municipales,Suma/Media + normalización per cápita o por presupuesto,ingresos_totales_y_composicion
ing_51,,numeric,6754,,Finanzas Municipales,Suma/Media + normalización per cápita o por presupuesto,ingresos_totales_y_composicion
ing_52,,numeric,1625,,Finanzas Municipales,Suma/Media + normalización per cápita o por presupuesto,ingresos_totales_y_composicion
ing_53,,numeric,6686,,Finanzas Municipales,Suma/Media + normalización per cápita o por presupuesto,ingresos_totales_y_composicion
ing_54,,numeric,6409,,Finanzas Municipales,Suma/Media + normalización per cápita o por presupuesto,ingresos_totales_y_composicion
ing_55,,numeric,4941,,Finanzas Municipales,Suma/Media + normalización per cápita o por presupuesto,ingresos_totales_y_composicion
ing_56,,numeric,7414,,Finanzas Municipales,Suma/Media + normalización per cápita o por presupuesto,ingresos_totales_y_composicion
ing_57,,numeric,2968,,Finanzas Municipales,Suma/Media + normalización per cápita o por presupuesto,ingresos_totales_y_composicion
ing_58,,numeric,7367,,Finanzas Municipales,Suma/Media + normalización per cápita o por presupuesto,ingresos_totales_y_composicion
gast_01,gast_01,haven_labelled,1,No = 0; Sí = 1,Finanzas Municipales,Categoría ordinal/nominal → one-hot o score ordinal,gasto_total_y_ratios_funcionales
gast_02,,numeric,7488,,Finanzas Municipales,Suma/Media + normalización per cápita o por presupuesto,gasto_total_y_ratios_funcionales
gast_03,,numeric,7487,,Finanzas Municipales,Suma/Media + normalización per cápita o por presupuesto,gasto_total_y_ratios_funcionales
gast_04,,numeric,7342,,Finanzas Municipales,Suma/Media + normalización per cápita o por presupuesto,gasto_total_y_ratios_funcionales
gast_05,,numeric,6340,,Finanzas Municipales,Suma/Media + normalización per cápita o por presupuesto,gasto_total_y_ratios_funcionales
gast_06,,numeric,7488,,Finanzas Municipales,Suma/Media + normalización per cápita o por presupuesto,gasto_total_y_ratios_funcionales
gast_07,,numeric,1802,,Finanzas Municipales,Suma/Media + normalización per cápita o por presupuesto,gasto_total_y_ratios_funcionales
gast_08,,numeric,3914,,Finanzas Municipales,Suma/Media + normalización per cápita o por presupuesto,gasto_total_y_ratios_funcionales
gast_09,,numeric,7488,,Finanzas Municipales,Suma/Media + normalización per cápita o por presupuesto,gasto_total_y_ratios_funcionales
gast_10,,numeric,7488,,Finanzas Municipales,Suma/Media + normalización per cápita o por presupuesto,gasto_total_y_ratios_funcionales
gast_11,,numeric,20,,Finanzas Municipales,Suma/Media + normalización per cápita o por presupuesto,gasto_total_y_ratios_funcionales
gast_12,,numeric,5407,,Finanzas Municipales,Suma/Media + normalización per cápita o por presupuesto,gasto_total_y_ratios_funcionales
gast_13,,numeric,7419,,Finanzas Municipales,Suma/Media + normalización per cápita o por presupuesto,gasto_total_y_ratios_funcionales
gast_14,,numeric,3885,,Finanzas Municipales,Suma/Media + normalización per cápita o por presupuesto,gasto_total_y_ratios_funcionales
gast_15,,numeric,1052,,Finanzas Municipales,Suma/Media + normalización per cápita o por presupuesto,gasto_total_y_ratios_funcionales
gast_16,,numeric,2187,,Finanzas Municipales,Suma/Media + normalización per cápita o por presupuesto,gasto_total_y_ratios_funcionales
gast_17,,numeric,5089,,Finanzas Municipales,Suma/Media + normalización per cápita o por presupuesto,gasto_total_y_ratios_funcionales
gast_18,,numeric,2678,,Finanzas Municipales,Suma/Media + normalización per cápita o por presupuesto,gasto_total_y_ratios_funcionales
gast_19,,numeric,1341,,Finanzas Municipales,Suma/Media + normalización per cápita o por presupuesto,gasto_total_y_ratios_funcionales
gast_20,,numeric,6227,,Finanzas Municipales,Suma/Media + normalización per cápita o por presupuesto,gasto_total_y_ratios_funcionales
gast_21,,numeric,1871,,Finanzas Municipales,Suma/Media + normalización per cápita o por presupuesto,gasto_total_y_ratios_funcionales
gast_22,,numeric,2885,,Finanzas Municipales,Suma/Media + normalización per cápita o por presupuesto,gasto_total_y_ratios_funcionales
gast_23,,numeric,3093,,Finanzas Municipales,Suma/Media + normalización per cápita o por presupuesto,gasto_total_y_ratios_funcionales
gast_24,,numeric,911,,Finanzas Municipales,Suma/Media + normalización per cápita o por presupuesto,gasto_total_y_ratios_funcionales
gast_25,,numeric,7345,,Finanzas Municipales,Suma/Media + normalización per cápita o por presupuesto,gasto_total_y_ratios_funcionales
gast_26,,numeric,318,,Finanzas Municipales,Suma/Media + normalización per cápita o por presupuesto,gasto_total_y_ratios_funcionales
gast_27,,numeric,88,,Finanzas Municipales,Suma/Media + normalización per cápita o por presupuesto,gasto_total_y_ratios_funcionales
gast_28,,numeric,878,,Finanzas Municipales,Suma/Media + normalización per cápita o por presupuesto,gasto_total_y_ratios_funcionales
mod_3,Instrumento de gestión y desarrollo que dispone/ Plan de Desarrollo Municipal C,haven_labelled,5,Falta aprobar por el Concejo Municipal = 1; En elaboración = 2; Falta de recursos para su elaboración = 3; Otro = 4,Instrumentos de Gestión y Gobernanza,Categoría ordinal/nominal → one-hot o score ordinal,indice_instrumentos_gestion_y_estado
mod_4,Instrumento de gestión y desarrollo que dispone/ Plan Estratégico Instituciona,haven_labelled,3,No informó = 0; Informó = 1,Instrumentos de Gestión y Gobernanza,Categoría ordinal/nominal → one-hot o score ordinal,indice_instrumentos_gestion_y_estado
mod_5,Instrumento de gestión y desarrollo que dispone/ Plan Estratégico Instituciona,haven_labelled,5,Falta aprobar por el Concejo Municipal = 1; En elaboración = 2; Falta de recursos para su elaboración = 3; Otro = 4,Instrumentos de Gestión y Gobernanza,Categoría ordinal/nominal → one-hot o score ordinal,indice_instrumentos_gestion_y_estado
mod_6,Instrumento de gestión y desarrollo que dispone/ Plan de Desarrollo Económico,haven_labelled,3,No informó = 0; Informó = 1,Instrumentos de Gestión y Gobernanza,Categoría ordinal/nominal → one-hot o score ordinal,indice_instrumentos_gestion_y_estado
mod_7,Instrumento de gestión y desarrollo que dispone/ Plan de Desarrollo Económico,haven_labelled,5,Falta aprobar por el Concejo Municipal = 1; En elaboración = 2; Falta de recursos para su elaboración = 3; Otro = 4,Instrumentos de Gestión y Gobernanza,Categoría ordinal/nominal → one-hot o score ordinal,indice_instrumentos_gestion_y_estado
mod_8,Instrumento de gestión y desarrollo que dispone/ Plan de Acondicionamiento Terr,haven_labelled,3,No informó = 0; Informó = 1,Instrumentos de Gestión y Gobernanza,Categoría ordinal/nominal → one-hot o score ordinal,indice_instrumentos_gestion_y_estado
mod_9,Instrumento de gestión y desarrollo que dispone/ Plan de Acondicionamiento Terr,haven_labelled,5,Falta aprobar por el Concejo Municipal = 1; En elaboración = 2; Falta de recursos para su elaboración = 3; Otro = 4,Instrumentos de Gestión y Gobernanza,Categoría ordinal/nominal → one-hot o score ordinal,indice_instrumentos_gestion_y_estado
mod_10,Instrumento de gestión y desarrollo que dispone/ Plan de Desarrollo Urbano,haven_labelled,3,No informó = 0; Informó = 1,Instrumentos de Gestión y Gobernanza,Dummy (0/1) + Conteo por bloque + % sobre total dummies del bloque,indice_instrumentos_gestion_y_estado
mod_11,Instrumento de gestión y desarrollo que dispone /Plan de Desarrollo Urbano / Mo,haven_labelled,5,Falta aprobar por el Concejo Municipal = 1; En elaboración = 2; Falta de recursos para su elaboración = 3; Otro = 4,Instrumentos de Gestión y Gobernanza,Dummy (0/1) + Conteo por bloque + % sobre total dummies del bloque,indice_instrumentos_gestion_y_estado
mod_12,Instrumento de gestión y desarrollo que dispone/ Esquema de Ordenamiento Urbano,haven_labelled,3,No informó = 0; Informó = 1,Instrumentos de Gestión y Gobernanza,Dummy (0/1) + Conteo por bloque + % sobre total dummies del bloque,indice_instrumentos_gestion_y_estado
mod_13,Instrumento de gestión y desarrollo que dispone/ Esquema de Ordenamiento Urbano,haven_labelled,5,Falta aprobar por el Concejo Municipal = 1; En elaboración = 2; Falta de recursos para su elaboración = 3; Otro = 4,Instrumentos de Gestión y Gobernanza,Dummy (0/1) + Conteo por bloque + % sobre total dummies del bloque,indice_instrumentos_gestion_y_estado
mod_14,Instrumento de gestión y desarrollo que dispone/ Plan de Desarrollo Rural,haven_labelled,3,No informó = 0; Informó = 1,Instrumentos de Gestión y Gobernanza,Categoría ordinal/nominal → one-hot o score ordinal,indice_instrumentos_gestion_y_estado
mod_15,Instrumento de gestión y desarrollo que dispone/ Plan de Desarrollo Rural / Mot,haven_labelled,5,Falta aprobar por el Concejo Municipal = 1; En elaboración = 2; Falta de recursos para su elaboración = 3; Otro = 4,Instrumentos de Gestión y Gobernanza,Categoría ordinal/nominal → one-hot o score ordinal,indice_instrumentos_gestion_y_estado
mod_16,Instrumento de gestión y desarrollo que dispone/ Plan de Desarrollo de Capacida,haven_labelled,3,No informó = 0; Informó = 1,Instrumentos de Gestión y Gobernanza,Categoría ordinal/nominal → one-hot o score ordinal,indice_instrumentos_gestion_y_estado
mod_17,Instrumento de gestión y desarrollo que dispone/ Plan de Desarrollo de Capacida,haven_labelled,5,Falta aprobar por el Concejo Municipal = 1; En elaboración = 2; Falta de recursos para su elaboración = 3; Otro = 4,Instrumentos de Gestión y Gobernanza,Categoría ordinal/nominal → one-hot o score ordinal,indice_instrumentos_gestion_y_estado
mod_18,Instrumento de gestión y desarrollo que dispone/ Plan Local de Igualdad de Gén,haven_labelled,3,No informó = 0; Informó = 1,Instrumentos de Gestión y Gobernanza,Categoría ordinal/nominal → one-hot o score ordinal,indice_instrumentos_gestion_y_estado
mod_19,Instrumento de gestión y desarrollo que dispone/ Plan Local de Igualdad de Gén,haven_labelled,5,Falta aprobar por el Concejo Municipal = 1; En elaboración = 2; Falta de recursos para su elaboración = 3; Otro = 4,Instrumentos de Gestión y Gobernanza,Categoría ordinal/nominal → one-hot o score ordinal,indice_instrumentos_gestion_y_estado
mod_20,Instrumento de gestión y desarrollo que dispone/ Reglamento de Organización y,haven_labelled,3,No informó = 0; Informó = 1,Instrumentos de Gestión y Gobernanza,Categoría ordinal/nominal → one-hot o score ordinal,indice_instrumentos_gestion_y_estado
mod_21,Instrumento de gestión y desarrollo que dispone/ Reglamento de Organización y,haven_labelled,5,Falta aprobar por el Concejo Municipal = 1; En elaboración = 2; Falta de recursos para su elaboración = 3; Otro = 4,Instrumentos de Gestión y Gobernanza,Categoría ordinal/nominal → one-hot o score ordinal,indice_instrumentos_gestion_y_estado
mod_22,Instrumento de gestión y desarrollo que dispone/ Manual de Organización y Func,haven_labelled,3,No informó = 0; Informó = 1,Instrumentos de Gestión y Gobernanza,Categoría ordinal/nominal → one-hot o score ordinal,indice_instrumentos_gestion_y_estado
mod_23,Instrumento de gestión y desarrollo que dispone Manual de Organización y Funci,haven_labelled,5,Falta aprobar por el Concejo Municipal = 1; En elaboración = 2; Falta de recursos para su elaboración = 3; Otro = 4,Instrumentos de Gestión y Gobernanza,Categoría ordinal/nominal → one-hot o score ordinal,indice_instrumentos_gestion_y_estado
mod_24,Instrumento de gestión y desarrollo que dispone/ Cuadro de Asignación de Perso,haven_labelled,3,No informó = 0; Informó = 1,Instrumentos de Gestión y Gobernanza,Dummy (0/1) + Conteo por bloque + % sobre total dummies del bloque,indice_instrumentos_gestion_y_estado
mod_25,Instrumento de gestión y desarrollo que dispone/ Cuadro de Asignación de Perso,haven_labelled,5,Falta aprobar por el Concejo Municipal = 1; En elaboración = 2; Falta de recursos para su elaboración = 3; Otro = 4,Instrumentos de Gestión y Gobernanza,Dummy (0/1) + Conteo por bloque + % sobre total dummies del bloque,indice_instrumentos_gestion_y_estado
mod_26,Instrumento de gestión y desarrollo que dispone Manual de Procesos y Procedimie,haven_labelled,3,No informó = 0; Informó = 1,Instrumentos de Gestión y Gobernanza,Categoría ordinal/nominal → one-hot o score ordinal,indice_instrumentos_gestion_y_estado
mod_27,Instrumento de gestión y desarrollo que dispone Manual de Procesos y Procedimie,haven_labelled,5,Falta aprobar por el Concejo Municipal = 1; En elaboración = 2; Falta de recursos para su elaboración = 3; Otro = 4,Instrumentos de Gestión y Gobernanza,Categoría ordinal/nominal → one-hot o score ordinal,indice_instrumentos_gestion_y_estado
mod_28,Instrumento de gestión y desarrollo que dispone/ Otro,haven_labelled,3,Si = 1; No = 2,Instrumentos de Gestión y Gobernanza,Categoría ordinal/nominal → one-hot o score ordinal,indice_instrumentos_gestion_y_estado
mod_29,Municipalidad,haven_labelled,2,No = 0; Sí = 1,Instrumentos de Gestión y Gobernanza,Categoría ordinal/nominal → one-hot o score ordinal,indice_instrumentos_gestion_y_estado
mod_30,¿En la municipalidad tiene constituido el Consejo de Coordinación Local (CCL)?,haven_labelled,2," Sí y está actualizado = 1; Sí y esta desactualizado = 2; No tiene, porque está en proceso de implementación = 3; No tiene, porque desconoce cómo implementarlo = 4",Instrumentos de Gestión y Gobernanza,Dummy (0/1) + Conteo por bloque + % sobre total dummies del bloque,indice_instrumentos_gestion_y_estado
mod_31,Miembros del CCL / Concejo Municipal Provincial/ Distrital/ Total,numeric,28,,Instrumentos de Gestión y Gobernanza,"Suma/Total + tasa per cápita (por 1,000 hab.)",indice_instrumentos_gestion_y_estado
mod_32,Miembros del CCL / Concejo Municipal Provincial/ Distrital /Mujer,numeric,13,,Instrumentos de Gestión y Gobernanza,Proporción por sexo + Total,indice_instrumentos_gestion_y_estado
mod_33,Miembros del CCL / Concejo Municipal Provincial / Distrital /Hombre,numeric,26,,Instrumentos de Gestión y Gobernanza,Proporción por sexo + Total,indice_instrumentos_gestion_y_estado
mod_34,Miembros del CCL/ Alcaldes Distritales/ Total,numeric,31,,Instrumentos de Gestión y Gobernanza,"Suma/Total + tasa per cápita (por 1,000 hab.)",indice_instrumentos_gestion_y_estado
mod_35,Miembros del CCL/ Alcaldes Distritales /Mujer,numeric,11,,Instrumentos de Gestión y Gobernanza,Proporción por sexo + Total,indice_instrumentos_gestion_y_estado
mod_36,Miembros del CCL/ Alcaldes Distritales / Hombre,numeric,33,,Instrumentos de Gestión y Gobernanza,Proporción por sexo + Total,indice_instrumentos_gestion_y_estado
mod_37,Miembros del CCL/ Alcaldes de Centros Poblados / Total,numeric,27,,Instrumentos de Gestión y Gobernanza,"Suma/Total + tasa per cápita (por 1,000 hab.)",indice_instrumentos_gestion_y_estado
mod_38,Miembros del CCL/ Alcaldes de Centros Poblados / Mujer,numeric,11,,Instrumentos de Gestión y Gobernanza,Proporción por sexo + Total,indice_instrumentos_gestion_y_estado
mod_39,Miembros del CCL/ Alcaldes de Centros Poblados / Hombre,numeric,27,,Instrumentos de Gestión y Gobernanza,Proporción por sexo + Total,indice_instrumentos_gestion_y_estado
mod_40,Miembros del CCL/ Representante de la Sociedad Civil/ Total,numeric,24,,Instrumentos de Gestión y Gobernanza,"Suma/Total + tasa per cápita (por 1,000 hab.)",indice_instrumentos_gestion_y_estado
mod_41,Miembros del CCL/ Representante de la Sociedad Civil/ Mujer,numeric,15,,Instrumentos de Gestión y Gobernanza,Proporción por sexo + Total,indice_instrumentos_gestion_y_estado
mod_42,Miembros del CCL/ Representante de la Sociedad Civil/ Hombre,numeric,20,,Instrumentos de Gestión y Gobernanza,Proporción por sexo + Total,indice_instrumentos_gestion_y_estado
mod_43,Municipalidad,haven_labelled,2,No = 0; Sí = 1,Instrumentos de Gestión y Gobernanza,Categoría ordinal/nominal → one-hot o score ordinal,indice_instrumentos_gestion_y_estado
mod_45,Actividades que ejecutó el Consejo de Coordinación Local / Realizó sesiones d,numeric,60,,Instrumentos de Gestión y Gobernanza,Suma/Media + normalización per cápita o por presupuesto,indice_instrumentos_gestion_y_estado
mod_49,Municipalidad,haven_labelled,2,No = 0; Sí = 1,Instrumentos de Gestión y Gobernanza,Categoría ordinal/nominal → one-hot o score ordinal,indice_instrumentos_gestion_y_estado
mod_50,¿La municipalidad tiene Texto Único de Procedimientos Administrativos (TUPA) s,haven_labelled,3,Falta aprobar por el Concejo Municipal = 1; En elaboración = 2; Falta de recursos para su elaboración = 3; Otro = 4,Instrumentos de Gestión y Gobernanza,Dummy (0/1) + Conteo por bloque + % sobre total dummies del bloque,indice_instrumentos_gestion_y_estado
mod_51,La municipalidad tiene Texto Único de Procedimientos Administrativos/ Número d,numeric,320,,Instrumentos de Gestión y Gobernanza,"Suma/Total + tasa per cápita (por 1,000 hab.)",indice_instrumentos_gestion_y_estado
mod_52,La municipalidad tiene Texto Único de Procedimientos Administrativos/ Número d,numeric,200,,Instrumentos de Gestión y Gobernanza,"Suma/Total + tasa per cápita (por 1,000 hab.)",indice_instrumentos_gestion_y_estado
mod_53,¿Ha sido ratificado el Texto Único de Procedimientos Administrativos (TUPA) po,haven_labelled,3,Si = 1; No = 2,Instrumentos de Gestión y Gobernanza,Dummy (0/1) + Conteo por bloque + % sobre total dummies del bloque,indice_instrumentos_gestion_y_estado
mod_54,Municipalidad,haven_labelled,2,No informó = 0; Informó = 1,Instrumentos de Gestión y Gobernanza,Categoría ordinal/nominal → one-hot o score ordinal,indice_instrumentos_gestion_y_estado
mod_55,"¿Dónde se publica el TUPA vigente? / Diario Oficial ""El Peruano""",numeric,2,,Instrumentos de Gestión y Gobernanza,Suma/Media + normalización per cápita o por presupuesto,indice_instrumentos_gestion_y_estado
mod_56,¿Dónde se publica el TUPA vigente? / Diario Local,numeric,3,,Instrumentos de Gestión y Gobernanza,Suma/Media + normalización per cápita o por presupuesto,indice_instrumentos_gestion_y_estado
mod_57,¿Dóndo se publica el TUPA vigente? / Pizarra y/o vitrina de la municipalidad,numeric,3,,Instrumentos de Gestión y Gobernanza,Suma/Media + normalización per cápita o por presupuesto,indice_instrumentos_gestion_y_estado
mod_58,¿Dónde se publica el TUPA vigente? / Página Web de la municipalidad,numeric,3,,Instrumentos de Gestión y Gobernanza,Suma/Media + normalización per cápita o por presupuesto,indice_instrumentos_gestion_y_estado
mod_59,¿Dónde se publica el TUPA vigente? / Otro,numeric,1,,Instrumentos de Gestión y Gobernanza,Suma/Media + normalización per cápita o por presupuesto,indice_instrumentos_gestion_y_estado
mod_60,Municipalidad,haven_labelled,2,No informó = 0; Informó = 1,Instrumentos de Gestión y Gobernanza,Categoría ordinal/nominal → one-hot o score ordinal,indice_instrumentos_gestion_y_estado
mod_61,¿La municipalidad realizó procedimiento administrativo de Licencia de funciona,haven_labelled,3,Falta aprobar por el Concejo Municipal = 1; En elaboración = 2; Falta de recursos para su elaboración = 3; Otro = 4,Instrumentos de Gestión y Gobernanza,Dummy (0/1) + Conteo por bloque + % sobre total dummies del bloque,indice_instrumentos_gestion_y_estado
mod_62,Procedimiento administrativo realizado por la Municipalidad / Licencia de funcio,numeric,467,,Instrumentos de Gestión y Gobernanza,Suma/Media + normalización per cápita o por presupuesto,indice_instrumentos_gestion_y_estado
mod_63,Procedimiento administrativo realizado por la Municipalidad / Licencia de funcio,numeric,463,,Instrumentos de Gestión y Gobernanza,Suma/Media + normalización per cápita o por presupuesto,indice_instrumentos_gestion_y_estado
mod_64,Procedimiento administrativo realizado por la Municipalidad / Licencia de funcio,numeric,108,,Instrumentos de Gestión y Gobernanza,Suma/Media + normalización per cápita o por presupuesto,indice_instrumentos_gestion_y_estado
mod_65,Procedimiento administrativo realizado por la Municipalidad / Licencia de funcio,numeric,765,,Instrumentos de Gestión y Gobernanza,Suma/Media + normalización per cápita o por presupuesto,indice_instrumentos_gestion_y_estado
mod_66,Procedimiento administrativo realizado por la Municipalidad / Licencia de funcio,numeric,19,,Instrumentos de Gestión y Gobernanza,Suma/Media + normalización per cápita o por presupuesto,indice_instrumentos_gestion_y_estado
mod_67,Procedimiento administrativo realizado por la Municipalidad / Licencia de funcio,numeric,22,,Instrumentos de Gestión y Gobernanza,Suma/Media + normalización per cápita o por presupuesto,indice_instrumentos_gestion_y_estado
mod_68,¿La municipalidad realizó procedimiento administrativo de Licencia de funciona,haven_labelled,3,Falta aprobar por el Concejo Municipal = 1; En elaboración = 2; Falta de recursos para su elaboración = 3; Otro = 4,Instrumentos de Gestión y Gobernanza,Dummy (0/1) + Conteo por bloque + % sobre total dummies del bloque,indice_instrumentos_gestion_y_estado
mod_69,Procedimiento administrativo realizado por la Municipalidad / Licencia de funcio,numeric,322,,Instrumentos de Gestión y Gobernanza,Suma/Media + normalización per cápita o por presupuesto,indice_instrumentos_gestion_y_estado
mod_70,Procedimiento administrativo realizado por la Municipalidad / Licencia de funcio,numeric,304,,Instrumentos de Gestión y Gobernanza,Suma/Media + normalización per cápita o por presupuesto,indice_instrumentos_gestion_y_estado
mod_71,Procedimiento administrativo realizado por la Municipalidad / Licencia de funcio,numeric,120,,Instrumentos de Gestión y Gobernanza,Suma/Media + normalización per cápita o por presupuesto,indice_instrumentos_gestion_y_estado
mod_72,Procedimiento administrativo realizado por la Municipalidad / Licencia de funcio,numeric,737,,Instrumentos de Gestión y Gobernanza,Suma/Media + normalización per cápita o por presupuesto,indice_instrumentos_gestion_y_estado
mod_73,Procedimiento administrativo realizado por la Municipalidad / Licencia de funcio,numeric,19,,Instrumentos de Gestión y Gobernanza,Suma/Media + normalización per cápita o por presupuesto,indice_instrumentos_gestion_y_estado
mod_74,Procedimiento administrativo realizado por la Municipalidad / Licencia de funcio,numeric,22,,Instrumentos de Gestión y Gobernanza,Suma/Media + normalización per cápita o por presupuesto,indice_instrumentos_gestion_y_estado
mod_75,¿La municipalidad realizó procedimiento administrativo de Licencia de funciona,haven_labelled,3,Falta aprobar por el Concejo Municipal = 1; En elaboración = 2; Falta de recursos para su elaboración = 3; Otro = 4,Instrumentos de Gestión y Gobernanza,Dummy (0/1) + Conteo por bloque + % sobre total dummies del bloque,indice_instrumentos_gestion_y_estado
mod_76,Procedimiento administrativo realizado por la Municipalidad / Licencia de funcio,numeric,159,,Instrumentos de Gestión y Gobernanza,Suma/Media + normalización per cápita o por presupuesto,indice_instrumentos_gestion_y_estado
mod_77,Procedimiento administrativo realizado por la Municipalidad / Licencia de funcio,numeric,146,,Instrumentos de Gestión y Gobernanza,Suma/Media + normalización per cápita o por presupuesto,indice_instrumentos_gestion_y_estado
mod_78,Procedimiento administrativo realizado por la Municipalidad / Licencia de funcio,numeric,54,,Instrumentos de Gestión y Gobernanza,Suma/Media + normalización per cápita o por presupuesto,indice_instrumentos_gestion_y_estado
mod_79,Procedimiento administrativo realizado por la Municipalidad / Licencia de funcio,numeric,669,,Instrumentos de Gestión y Gobernanza,Suma/Media + normalización per cápita o por presupuesto,indice_instrumentos_gestion_y_estado
mod_80,Procedimiento administrativo realizado por la Municipalidad / Licencia de funcio,numeric,19,,Instrumentos de Gestión y Gobernanza,Suma/Media + normalización per cápita o por presupuesto,indice_instrumentos_gestion_y_estado
mod_81,Procedimiento administrativo realizado por la Municipalidad / Licencia de funcio,numeric,20,,Instrumentos de Gestión y Gobernanza,Suma/Media + normalización per cápita o por presupuesto,indice_instrumentos_gestion_y_estado
mod_82,¿La municipalidad realizó procedimiento administrativo de Licencia de edificac,haven_labelled,3,Falta aprobar por el Concejo Municipal = 1; En elaboración = 2; Falta de recursos para su elaboración = 3; Otro = 4,Instrumentos de Gestión y Gobernanza,Dummy (0/1) + Conteo por bloque + % sobre total dummies del bloque,indice_instrumentos_gestion_y_estado
mod_83,Procedimiento administrativo realizado por la Municipalidad / Licencia de edific,numeric,213,,Instrumentos de Gestión y Gobernanza,Suma/Media + normalización per cápita o por presupuesto,indice_instrumentos_gestion_y_estado
mod_84,Procedimiento administrativo realizado por la Municipalidad / Licencia de edific,numeric,195,,Instrumentos de Gestión y Gobernanza,Suma/Media + normalización per cápita o por presupuesto,indice_instrumentos_gestion_y_estado
mod_85,Procedimiento administrativo realizado por la Municipalidad / Licencia de edific,numeric,94,,Instrumentos de Gestión y Gobernanza,Suma/Media + normalización per cápita o por presupuesto,indice_instrumentos_gestion_y_estado
mod_86,Procedimiento administrativo realizado por la Municipalidad / Licencia de edific,numeric,502,,Instrumentos de Gestión y Gobernanza,Suma/Media + normalización per cápita o por presupuesto,indice_instrumentos_gestion_y_estado
mod_87,Procedimiento administrativo realizado por la Municipalidad / Licencia de edific,numeric,22,,Instrumentos de Gestión y Gobernanza,Suma/Media + normalización per cápita o por presupuesto,indice_instrumentos_gestion_y_estado
mod_88,Procedimiento administrativo realizado por la Municipalidad / Licencia de edific,numeric,23,,Instrumentos de Gestión y Gobernanza,Suma/Media + normalización per cápita o por presupuesto,indice_instrumentos_gestion_y_estado
mod_89,¿La municipalidad realizó procedimiento administrativo de Autorización para i,haven_labelled,3,Falta aprobar por el Concejo Municipal = 1; En elaboración = 2; Falta de recursos para su elaboración = 3; Otro = 4,Instrumentos de Gestión y Gobernanza,Dummy (0/1) + Conteo por bloque + % sobre total dummies del bloque,indice_instrumentos_gestion_y_estado
mod_90,Procedimiento administrativo realizado por la Municipalidad /  Autorización par,numeric,209,,Instrumentos de Gestión y Gobernanza,Suma/Media + normalización per cápita o por presupuesto,indice_instrumentos_gestion_y_estado
mod_91,Procedimiento administrativo realizado por la Municipalidad / Autorización para,numeric,215,,Instrumentos de Gestión y Gobernanza,Suma/Media + normalización per cápita o por presupuesto,indice_instrumentos_gestion_y_estado
mod_92,Procedimiento administrativo realizado por la Municipalidad / Autorización para,numeric,54,,Instrumentos de Gestión y Gobernanza,Suma/Media + normalización per cápita o por presupuesto,indice_instrumentos_gestion_y_estado
mod_93,Procedimiento administrativo realizado por la Municipalidad / Autorización para,numeric,274,,Instrumentos de Gestión y Gobernanza,Suma/Media + normalización per cápita o por presupuesto,indice_instrumentos_gestion_y_estado
mod_94,Procedimiento administrativo realizado por la Municipalidad / Autorización para,numeric,16,,Instrumentos de Gestión y Gobernanza,Suma/Media + normalización per cápita o por presupuesto,indice_instrumentos_gestion_y_estado
mod_95,Procedimiento administrativo realizado por la Municipalidad / Autorización para,numeric,16,,Instrumentos de Gestión y Gobernanza,Suma/Media + normalización per cápita o por presupuesto,indice_instrumentos_gestion_y_estado
mod_96,¿La municipalidad realizó procedimiento administrativo de Copia certificada de,haven_labelled,3,Falta aprobar por el Concejo Municipal = 1; En elaboración = 2; Falta de recursos para su elaboración = 3; Otro = 4,Instrumentos de Gestión y Gobernanza,Dummy (0/1) + Conteo por bloque + % sobre total dummies del bloque,indice_instrumentos_gestion_y_estado
mod_97,Procedimiento administrativo realizado por la Municipalidad / Copia certificada,numeric,1435,,Instrumentos de Gestión y Gobernanza,Suma/Media + normalización per cápita o por presupuesto,indice_instrumentos_gestion_y_estado
mod_98,Procedimiento administrativo realizado por la Municipalidad / Copia certificada,numeric,1438,,Instrumentos de Gestión y Gobernanza,Suma/Media + normalización per cápita o por presupuesto,indice_instrumentos_gestion_y_estado
mod_99,Procedimiento administrativo realizado por la Municipalidad / Copia certificada,numeric,97,,Instrumentos de Gestión y Gobernanza,Suma/Media + normalización per cápita o por presupuesto,indice_instrumentos_gestion_y_estado
mod_100,Procedimiento administrativo realizado por la Municipalidad / Copia certificada,numeric,197,,Instrumentos de Gestión y Gobernanza,Suma/Media + normalización per cápita o por presupuesto,indice_instrumentos_gestion_y_estado
mod_101,Procedimiento administrativo realizado por la Municipalidad / Copia certificada,numeric,8,,Instrumentos de Gestión y Gobernanza,Suma/Media + normalización per cápita o por presupuesto,indice_instrumentos_gestion_y_estado
mod_102,Procedimiento administrativo realizado por la Municipalidad / Copia certificada,numeric,17,,Instrumentos de Gestión y Gobernanza,Suma/Media + normalización per cápita o por presupuesto,indice_instrumentos_gestion_y_estado
mod_103,¿La municipalidad realizó procedimiento administrativo de Copia certificada de,haven_labelled,3,Falta aprobar por el Concejo Municipal = 1; En elaboración = 2; Falta de recursos para su elaboración = 3; Otro = 4,Instrumentos de Gestión y Gobernanza,Dummy (0/1) + Conteo por bloque + % sobre total dummies del bloque,indice_instrumentos_gestion_y_estado
mod_104,Procedimiento administrativo realizado por la Municipalidad / Copia certificada,numeric,574,,Instrumentos de Gestión y Gobernanza,Suma/Media + normalización per cápita o por presupuesto,indice_instrumentos_gestion_y_estado
mod_105,Procedimiento administrativo realizado por la Municipalidad / Copia certificada,numeric,574,,Instrumentos de Gestión y Gobernanza,Suma/Media + normalización per cápita o por presupuesto,indice_instrumentos_gestion_y_estado
mod_106,Procedimiento administrativo realizado por la Municipalidad / Copia certificada,numeric,58,,Instrumentos de Gestión y Gobernanza,Suma/Media + normalización per cápita o por presupuesto,indice_instrumentos_gestion_y_estado
mod_107,Procedimiento administrativo realizado por la Municipalidad / Copia certificada,numeric,204,,Instrumentos de Gestión y Gobernanza,Suma/Media + normalización per cápita o por presupuesto,indice_instrumentos_gestion_y_estado
mod_108,Procedimiento administrativo realizado por la Municipalidad / Copia certificada,numeric,10,,Instrumentos de Gestión y Gobernanza,Suma/Media + normalización per cápita o por presupuesto,indice_instrumentos_gestion_y_estado
mod_109,Procedimiento administrativo realizado por la Municipalidad / Copia certificada,numeric,14,,Instrumentos de Gestión y Gobernanza,Suma/Media + normalización per cápita o por presupuesto,indice_instrumentos_gestion_y_estado
mod_110,¿La municipalidad realizó procedimiento administrativo de Copia certificada de,haven_labelled,3,Falta aprobar por el Concejo Municipal = 1; En elaboración = 2; Falta de recursos para su elaboración = 3; Otro = 4,Instrumentos de Gestión y Gobernanza,Dummy (0/1) + Conteo por bloque + % sobre total dummies del bloque,indice_instrumentos_gestion_y_estado
mod_111,Procedimiento administrativo realizado por la Municipalidad / Copia certificada,numeric,682,,Instrumentos de Gestión y Gobernanza,Suma/Media + normalización per cápita o por presupuesto,indice_instrumentos_gestion_y_estado
mod_112,Procedimiento administrativo realizado por la Municipalidad / Copia certificada,numeric,679,,Instrumentos de Gestión y Gobernanza,Suma/Media + normalización per cápita o por presupuesto,indice_instrumentos_gestion_y_estado
mod_113,Procedimiento administrativo realizado por la Municipalidad / Copia certificada,numeric,60,,Instrumentos de Gestión y Gobernanza,Suma/Media + normalización per cápita o por presupuesto,indice_instrumentos_gestion_y_estado
mod_114,Procedimiento administrativo realizado por la Municipalidad / Copia certificada,numeric,213,,Instrumentos de Gestión y Gobernanza,Suma/Media + normalización per cápita o por presupuesto,indice_instrumentos_gestion_y_estado
mod_115,Procedimiento administrativo realizado por la Municipalidad / Copia certificada,numeric,11,,Instrumentos de Gestión y Gobernanza,Suma/Media + normalización per cápita o por presupuesto,indice_instrumentos_gestion_y_estado
mod_116,Procedimiento administrativo realizado por la Municipalidad / Copia certificada,numeric,19,,Instrumentos de Gestión y Gobernanza,Suma/Media + normalización per cápita o por presupuesto,indice_instrumentos_gestion_y_estado
mod_117,¿La municipalidad realizó procedimiento administrativo de Acceso a la informac,haven_labelled,3,Falta aprobar por el Concejo Municipal = 1; En elaboración = 2; Falta de recursos para su elaboración = 3; Otro = 4,Instrumentos de Gestión y Gobernanza,Dummy (0/1) + Conteo por bloque + % sobre total dummies del bloque,indice_instrumentos_gestion_y_estado
mod_118,Procedimiento administrativo realizado por la Municipalidad / Acceso a la inform,numeric,512,,Instrumentos de Gestión y Gobernanza,Suma/Media + normalización per cápita o por presupuesto,indice_instrumentos_gestion_y_estado
mod_119,Procedimiento administrativo realizado por la Municipalidad / Acceso a la inform,numeric,352,,Instrumentos de Gestión y Gobernanza,Suma/Media + normalización per cápita o por presupuesto,indice_instrumentos_gestion_y_estado
mod_120,Procedimiento administrativo realizado por la Municipalidad / Acceso a la inform,numeric,103,,Instrumentos de Gestión y Gobernanza,Suma/Media + normalización per cápita o por presupuesto,indice_instrumentos_gestion_y_estado
mod_121,Procedimiento administrativo realizado por la Municipalidad / Acceso a la inform,numeric,36,,Instrumentos de Gestión y Gobernanza,Suma/Media + normalización per cápita o por presupuesto,indice_instrumentos_gestion_y_estado
mod_122,Municipalidad,haven_labelled,2,No informó = 0; Informó = 1,Instrumentos de Gestión y Gobernanza,Categoría ordinal/nominal → one-hot o score ordinal,indice_instrumentos_gestion_y_estado
mod_123,Canales de atención al ciudadano / Línea de telefonía fija o móvil,numeric,3,,Instrumentos de Gestión y Gobernanza,Suma/Media + normalización per cápita o por presupuesto,indice_instrumentos_gestion_y_estado
mod_124,Canales de atención al ciudadano / Correo electrónico,numeric,3,,Instrumentos de Gestión y Gobernanza,Suma/Media + normalización per cápita o por presupuesto,indice_instrumentos_gestion_y_estado
mod_125,Canales de atención al ciudadano / Buzón de Sugerencias,numeric,3,,Instrumentos de Gestión y Gobernanza,Suma/Media + normalización per cápita o por presupuesto,indice_instrumentos_gestion_y_estado
mod_126,Canales de atención al ciudadano / Libro de Reclamaciones,numeric,3,,Instrumentos de Gestión y Gobernanza,Suma/Media + normalización per cápita o por presupuesto,indice_instrumentos_gestion_y_estado
mod_127,Canales de atención al ciudadano / Otro canal de atención,numeric,3,,Instrumentos de Gestión y Gobernanza,Suma/Media + normalización per cápita o por presupuesto,indice_instrumentos_gestion_y_estado
mod_128,Municipalidad,haven_labelled,2,No informó = 0; Informó = 1,Instrumentos de Gestión y Gobernanza,Categoría ordinal/nominal → one-hot o score ordinal,indice_instrumentos_gestion_y_estado
mod_129,Modalidades de pago / En ventanilla de la municipalidad con efectivo,numeric,2,,Instrumentos de Gestión y Gobernanza,Suma/Media + normalización per cápita o por presupuesto,indice_instrumentos_gestion_y_estado
mod_130,Modalidades de pago / En ventanilla de la municipalidad con tarjeta de crédito,numeric,3,,Instrumentos de Gestión y Gobernanza,Suma/Media + normalización per cápita o por presupuesto,indice_instrumentos_gestion_y_estado
mod_131,Modalidades de pago / Página Web de la municipalidad (Pago en línea),numeric,3,,Instrumentos de Gestión y Gobernanza,Suma/Media + normalización per cápita o por presupuesto,indice_instrumentos_gestion_y_estado
mod_132,Modalidades de pago / Otra modalidad de pago,numeric,3,,Instrumentos de Gestión y Gobernanza,Suma/Media + normalización per cápita o por presupuesto,indice_instrumentos_gestion_y_estado
mod_133,Municipalidad,haven_labelled,2,No informó = 0; Informó = 1,Instrumentos de Gestión y Gobernanza,Categoría ordinal/nominal → one-hot o score ordinal,indice_instrumentos_gestion_y_estado
mod_134,La Municipalidad tiene personal exclusivo del área de administracion tributaria,haven_labelled,3,Falta aprobar por el Concejo Municipal = 1; En elaboración = 2; Falta de recursos para su elaboración = 3; Otro = 4,Instrumentos de Gestión y Gobernanza,Dummy (0/1) + Conteo por bloque + % sobre total dummies del bloque,indice_instrumentos_gestion_y_estado
mod_135,Personal exclusivo del área al 31 de diciembre 2015 / Total,numeric,133,,Instrumentos de Gestión y Gobernanza,"Suma/Total + tasa per cápita (por 1,000 hab.)",indice_instrumentos_gestion_y_estado
mod_136,Personal exclusivo del área al 31 de diciembre 2015 / Mujer,numeric,85,,Instrumentos de Gestión y Gobernanza,Proporción por sexo + Total,indice_instrumentos_gestion_y_estado
mod_137,Personal exclusivo del área al 31 de diciembre 2015 / Hombre,numeric,83,,Instrumentos de Gestión y Gobernanza,Proporción por sexo + Total,indice_instrumentos_gestion_y_estado
mod_138,Personal exclusivo del área al 30 de junio 2016 / Total,numeric,135,,Instrumentos de Gestión y Gobernanza,"Suma/Total + tasa per cápita (por 1,000 hab.)",indice_instrumentos_gestion_y_estado
mod_139,Personal exclusivo del área al 30 de junio 2016 / Mujer,numeric,83,,Instrumentos de Gestión y Gobernanza,Proporción por sexo + Total,indice_instrumentos_gestion_y_estado
mod_140,Personal exclusivo del área al 30 de junio 2016 / Hombre,numeric,85,,Instrumentos de Gestión y Gobernanza,Proporción por sexo + Total,indice_instrumentos_gestion_y_estado
mod_141,Municipalidad,haven_labelled,2,No informó = 0; Informó = 1,Instrumentos de Gestión y Gobernanza,Categoría ordinal/nominal → one-hot o score ordinal,indice_instrumentos_gestion_y_estado
mod_142,Número de licencias de funcionamiento para establecimientos / SERVICIOS / Resta,numeric,232,,Instrumentos de Gestión y Gobernanza,"Suma/Total + tasa per cápita (por 1,000 hab.)",indice_instrumentos_gestion_y_estado
mod_143,Número de licencias de funcionamiento para establecimientos / SERVICIOS / Agenc,numeric,55,,Instrumentos de Gestión y Gobernanza,"Suma/Total + tasa per cápita (por 1,000 hab.)",indice_instrumentos_gestion_y_estado
mod_144,Número de licencias de funcionamiento para establecimientos / SERVICIOS / Peluq,numeric,116,,Instrumentos de Gestión y Gobernanza,"Suma/Total + tasa per cápita (por 1,000 hab.)",indice_instrumentos_gestion_y_estado
mod_145,Número de licencias de funcionamiento para establecimientos / SERVICIOS / Entid,numeric,44,,Instrumentos de Gestión y Gobernanza,"Suma/Total + tasa per cápita (por 1,000 hab.)",indice_instrumentos_gestion_y_estado
mod_146,Número de licencias de funcionamiento para establecimientos / SERVICIOS / Artes,numeric,27,,Instrumentos de Gestión y Gobernanza,"Suma/Total + tasa per cápita (por 1,000 hab.)",indice_instrumentos_gestion_y_estado
mod_147,Número de licencias de funcionamiento para establecimientos / SERVICIOS / Disco,numeric,33,,Instrumentos de Gestión y Gobernanza,"Suma/Total + tasa per cápita (por 1,000 hab.)",indice_instrumentos_gestion_y_estado
mod_148,Número de licencias de funcionamiento para establecimientos / SERVICIOS / Activ,numeric,109,,Instrumentos de Gestión y Gobernanza,"Suma/Total + tasa per cápita (por 1,000 hab.)",indice_instrumentos_gestion_y_estado
mod_149,Número de licencias de funcionamiento para establecimientos / SERVICIOS / Empre,numeric,34,,Instrumentos de Gestión y Gobernanza,"Suma/Total + tasa per cápita (por 1,000 hab.)",indice_instrumentos_gestion_y_estado
mod_150,Número de licencias de funcionamiento para establecimientos / SERVICIOS / Cabin,numeric,68,,Instrumentos de Gestión y Gobernanza,"Suma/Total + tasa per cápita (por 1,000 hab.)",indice_instrumentos_gestion_y_estado
mod_151,Número de licencias de funcionamiento para establecimientos / SERVICIOS / Juego,numeric,28,,Instrumentos de Gestión y Gobernanza,"Suma/Total + tasa per cápita (por 1,000 hab.)",indice_instrumentos_gestion_y_estado
mod_152,Número de licencias de funcionamiento para establecimientos / SERVICIOS / Otro,numeric,117,,Instrumentos de Gestión y Gobernanza,"Suma/Total + tasa per cápita (por 1,000 hab.)",indice_instrumentos_gestion_y_estado
mod_153,Número de licencias de funcionamiento para establecimientos / ARTESANÍA Y MANU,numeric,39,,Instrumentos de Gestión y Gobernanza,"Suma/Total + tasa per cápita (por 1,000 hab.)",indice_instrumentos_gestion_y_estado
mod_154,Número de licencias de funcionamiento para establecimientos / ARTESANÍA Y MANU,numeric,43,,Instrumentos de Gestión y Gobernanza,"Suma/Total + tasa per cápita (por 1,000 hab.)",indice_instrumentos_gestion_y_estado
mod_155,Número de licencias de funcionamiento para establecimientos / COMERCIO / Bodega,numeric,209,,Instrumentos de Gestión y Gobernanza,"Suma/Total + tasa per cápita (por 1,000 hab.)",indice_instrumentos_gestion_y_estado
mod_156,Número de licencias de funcionamiento para establecimientos / COMERCIO / Farmac,numeric,83,,Instrumentos de Gestión y Gobernanza,"Suma/Total + tasa per cápita (por 1,000 hab.)",indice_instrumentos_gestion_y_estado
mod_157,Número de licencias de funcionamiento para establecimientos / COMERCIO / Ferret,numeric,69,,Instrumentos de Gestión y Gobernanza,"Suma/Total + tasa per cápita (por 1,000 hab.)",indice_instrumentos_gestion_y_estado
mod_158,Número de licencias de funcionamiento para establecimientos / COMERCIO / Venta,numeric,104,,Instrumentos de Gestión y Gobernanza,"Suma/Total + tasa per cápita (por 1,000 hab.)",indice_instrumentos_gestion_y_estado
mod_159,Número de licencias de funcionamiento para establecimientos / COMERCIO / Venta,numeric,59,,Instrumentos de Gestión y Gobernanza,"Suma/Total + tasa per cápita (por 1,000 hab.)",indice_instrumentos_gestion_y_estado
mod_160,Número de licencias de funcionamiento para establecimientos / COMERCIO / Mercad,numeric,16,,Instrumentos de Gestión y Gobernanza,"Suma/Total + tasa per cápita (por 1,000 hab.)",indice_instrumentos_gestion_y_estado
mod_161,Número de licencias de funcionamiento para establecimientos / COMERCIO / Centro,numeric,32,,Instrumentos de Gestión y Gobernanza,"Suma/Total + tasa per cápita (por 1,000 hab.)",indice_instrumentos_gestion_y_estado
mod_162,Número de licencias de funcionamiento para establecimientos / COMERCIO / Otro,numeric,96,,Instrumentos de Gestión y Gobernanza,"Suma/Total + tasa per cápita (por 1,000 hab.)",indice_instrumentos_gestion_y_estado
mod_163,Municipalidad,haven_labelled,2,No informó = 0; Informó = 1,Instrumentos de Gestión y Gobernanza,Categoría ordinal/nominal → one-hot o score ordinal,indice_instrumentos_gestion_y_estado
mod_164,Número de licencias de habilitación urbana / Vivienda,numeric,113,,Instrumentos de Gestión y Gobernanza,"Suma/Total + tasa per cápita (por 1,000 hab.)",indice_instrumentos_gestion_y_estado
mod_165,Número de licencias de habilitación urbana / Comercio,numeric,38,,Instrumentos de Gestión y Gobernanza,"Suma/Total + tasa per cápita (por 1,000 hab.)",indice_instrumentos_gestion_y_estado
mod_166,Número de licencias de habilitación urbana / Servicio,numeric,17,,Instrumentos de Gestión y Gobernanza,"Suma/Total + tasa per cápita (por 1,000 hab.)",indice_instrumentos_gestion_y_estado
mod_167,Número de licencias de habilitación urbana / Industria,numeric,14,,Instrumentos de Gestión y Gobernanza,"Suma/Total + tasa per cápita (por 1,000 hab.)",indice_instrumentos_gestion_y_estado
mod_168,Número de licencias de habilitación urbana / Otro,numeric,5,,Instrumentos de Gestión y Gobernanza,"Suma/Total + tasa per cápita (por 1,000 hab.)",indice_instrumentos_gestion_y_estado
mod_169,Municipalidad,haven_labelled,2,No informó = 0; Informó = 1,Instrumentos de Gestión y Gobernanza,Categoría ordinal/nominal → one-hot o score ordinal,indice_instrumentos_gestion_y_estado
mod_170,Número de licencias de edificación / Viviendas unifamiliares,numeric,326,,Instrumentos de Gestión y Gobernanza,"Suma/Total + tasa per cápita (por 1,000 hab.)",indice_instrumentos_gestion_y_estado
mod_171,Número de licencias de edificación / Viviendas multifamiliares,numeric,157,,Instrumentos de Gestión y Gobernanza,"Suma/Total + tasa per cápita (por 1,000 hab.)",indice_instrumentos_gestion_y_estado
mod_172,Número de licencias de edificación / Edificaciones de uso mixto con vivienda,numeric,71,,Instrumentos de Gestión y Gobernanza,"Suma/Total + tasa per cápita (por 1,000 hab.)",indice_instrumentos_gestion_y_estado
mod_173,Número de licencias de edificación / Restaurantes,numeric,34,,Instrumentos de Gestión y Gobernanza,"Suma/Total + tasa per cápita (por 1,000 hab.)",indice_instrumentos_gestion_y_estado
mod_174,Número de licencias de edificación / Centros comerciales o galerías comercial,numeric,49,,Instrumentos de Gestión y Gobernanza,"Suma/Total + tasa per cápita (por 1,000 hab.)",indice_instrumentos_gestion_y_estado
mod_175,Número de licencias de edificación / Campos feriales,numeric,9,,Instrumentos de Gestión y Gobernanza,"Suma/Total + tasa per cápita (por 1,000 hab.)",indice_instrumentos_gestion_y_estado
mod_176,"Número de licencias de edificación / Hoteles, hostales y otros establecimiento",numeric,29,,Instrumentos de Gestión y Gobernanza,"Suma/Total + tasa per cápita (por 1,000 hab.)",indice_instrumentos_gestion_y_estado
mod_177,Número de licencias de edificación / Fábricas industriales,numeric,23,,Instrumentos de Gestión y Gobernanza,"Suma/Total + tasa per cápita (por 1,000 hab.)",indice_instrumentos_gestion_y_estado
mod_178,Número de licencias de edificación / Locales de instituciones del Estado,numeric,14,,Instrumentos de Gestión y Gobernanza,"Suma/Total + tasa per cápita (por 1,000 hab.)",indice_instrumentos_gestion_y_estado
mod_179,Número de licencias de edificación / Terminales de transporte terrestre,numeric,7,,Instrumentos de Gestión y Gobernanza,"Suma/Total + tasa per cápita (por 1,000 hab.)",indice_instrumentos_gestion_y_estado
mod_180,Número de licencias de edificación / Otro,numeric,58,,Instrumentos de Gestión y Gobernanza,"Suma/Total + tasa per cápita (por 1,000 hab.)",indice_instrumentos_gestion_y_estado
mod_181,Municipalidad,haven_labelled,2,No informó = 0; Informó = 1,Instrumentos de Gestión y Gobernanza,Categoría ordinal/nominal → one-hot o score ordinal,indice_instrumentos_gestion_y_estado
mod_182,¿La municipalidad realizó verificaciones técnicas a las obras con licencia de,haven_labelled,3,Falta aprobar por el Concejo Municipal = 1; En elaboración = 2; Falta de recursos para su elaboración = 3; Otro = 4,Instrumentos de Gestión y Gobernanza,Dummy (0/1) + Conteo por bloque + % sobre total dummies del bloque,indice_instrumentos_gestion_y_estado
mod_183,Número de verificaciones técnicas a las obras con licencia de edificación  /,numeric,349,,Instrumentos de Gestión y Gobernanza,"Suma/Total + tasa per cápita (por 1,000 hab.)",indice_instrumentos_gestion_y_estado
mod_184,Número de verificaciones técnicas a las obras con licencia de edificación  /,numeric,273,,Instrumentos de Gestión y Gobernanza,"Suma/Total + tasa per cápita (por 1,000 hab.)",indice_instrumentos_gestion_y_estado
mod_185,Número de verificaciones técnicas a las obras con licencia de edificación / T,numeric,321,,Instrumentos de Gestión y Gobernanza,"Suma/Total + tasa per cápita (por 1,000 hab.)",indice_instrumentos_gestion_y_estado
mod_186,Municipalidad,haven_labelled,2,No informó = 0; Informó = 1,Instrumentos de Gestión y Gobernanza,Categoría ordinal/nominal → one-hot o score ordinal,indice_instrumentos_gestion_y_estado
mod_187,¿La municipalidad dispone de terrenos propios para fines de vivienda que no est,haven_labelled,3,Falta aprobar por el Concejo Municipal = 1; En elaboración = 2; Falta de recursos para su elaboración = 3; Otro = 4,Instrumentos de Gestión y Gobernanza,Dummy (0/1) + Conteo por bloque + % sobre total dummies del bloque,indice_instrumentos_gestion_y_estado
mod_188,"Terrenos propios para fines de vivienda que no están ocupados, construidos o af",numeric,81,,Instrumentos de Gestión y Gobernanza,Suma/Media + normalización per cápita o por presupuesto,indice_instrumentos_gestion_y_estado
mod_189,"Terrenos propios para fines de vivienda que no están ocupados, construidos o af",numeric,268,,Instrumentos de Gestión y Gobernanza,Suma/Media + normalización per cápita o por presupuesto,indice_instrumentos_gestion_y_estado
mod_190,"Terrenos propios para fines de vivienda que no están ocupados, construidos o af",numeric,53,,Instrumentos de Gestión y Gobernanza,Suma/Media + normalización per cápita o por presupuesto,indice_instrumentos_gestion_y_estado
mod_191,"Terrenos propios para fines de vivienda que no están ocupados, construidos o af",numeric,60,,Instrumentos de Gestión y Gobernanza,Suma/Media + normalización per cápita o por presupuesto,indice_instrumentos_gestion_y_estado
mod_192,"Terrenos propios para fines de vivienda que no están ocupados, construidos o af",numeric,257,,Instrumentos de Gestión y Gobernanza,Suma/Media + normalización per cápita o por presupuesto,indice_instrumentos_gestion_y_estado
mod_1,Municipalidad,haven_labelled,2,No = 0; Sí = 1,Instrumentos de Gestión y Gobernanza,Categoría ordinal/nominal → one-hot o score ordinal,indice_instrumentos_gestion_y_estado
mod_2,RECODE of mod_2 (Instrumento de gestión y desarrollo que dispone/ Plan de Desarr,haven_labelled,2,No = 0; Sí = 1,Instrumentos de Gestión y Gobernanza,Categoría ordinal/nominal → one-hot o score ordinal,indice_instrumentos_gestion_y_estado
mod_44,RECODE of mod_44 (Actividades que ejecutó el Consejo de Coordinación Local/ Real,haven_labelled,2,No = 0; Sí = 1,Instrumentos de Gestión y Gobernanza,Categoría ordinal/nominal → one-hot o score ordinal,indice_instrumentos_gestion_y_estado
mod_46,RECODE of mod_46 (Actividades que ejecutó el Consejo de Coordinación Local/ Part,haven_labelled,2,No = 0; Sí = 1,Instrumentos de Gestión y Gobernanza,Categoría ordinal/nominal → one-hot o score ordinal,indice_instrumentos_gestion_y_estado
mod_47,RECODE of mod_47 (Actividades que ejecutó el Consejo de Coordinación Local / Par,haven_labelled,2,No = 0; Sí = 1,Instrumentos de Gestión y Gobernanza,Categoría ordinal/nominal → one-hot o score ordinal,indice_instrumentos_gestion_y_estado
mod_48,RECODE of mod_48 (Actividades que ejecutó el Consejo de Coordinación Local / Otr,haven_labelled,2,No = 0; Sí = 1,Instrumentos de Gestión y Gobernanza,Categoría ordinal/nominal → one-hot o score ordinal,indice_instrumentos_gestion_y_estado
limpgast_2,Gasto ejecutado en el servicio de limpieza pública (en soles) / Gasto total,numeric,4531,,Finanzas Municipales,"Suma/Total + tasa per cápita (por 1,000 hab.)",gasto_total_y_ratios_funcionales
limpgast_3,Gasto ejecutado en el servicio de limpieza pública (en soles) / Recojo domicili,numeric,3738,,Finanzas Municipales,Suma/Media + normalización per cápita o por presupuesto,gasto_total_y_ratios_funcionales
limpgast_4,Gasto ejecutado en el servicio de limpieza pública (en soles) / Barridos de cal,numeric,2824,,Finanzas Municipales,Suma/Media + normalización per cápita o por presupuesto,gasto_total_y_ratios_funcionales
limpgast_5,Gasto ejecutado en el servicio de limpieza pública (en soles) / Otro,numeric,405,,Finanzas Municipales,Suma/Media + normalización per cápita o por presupuesto,gasto_total_y_ratios_funcionales
regamb_2,Número de vendedores ambulantes registrados en la Municipalidad / Total,numeric,397,,Gestión Ambiental y Gestión del Riesgo,"Suma/Total + tasa per cápita (por 1,000 hab.)",indice_gestion_riesgos
bibliocomps_19,Total Computadoras operativas,numeric,40,,Recursos Físicos y Tecnología,"Suma/Total + tasa per cápita (por 1,000 hab.)",agg_bienes_total_y_ratio_operativos
infradep_5,Número de infraestructura deportiva y/o recreativa / Complejos deportivos,numeric,30,,Infraestructura Deportiva y Cultural,"Suma/Total + tasa per cápita (por 1,000 hab.)",infraestructura_deportiva_cultural_total
orgs_3,Comité del Programa del Vaso de Leche / Número,numeric,280,,Servicios Sociales y Programas,"Suma/Total + tasa per cápita (por 1,000 hab.)",cobertura_programas_sociales_percapita
orgs_4,Comité del Programa del Vaso de Leche / Total de beneficiarios al 31 de diciemb,numeric,2404,,Servicios Sociales y Programas,"Suma/Total + tasa per cápita (por 1,000 hab.)",cobertura_programas_sociales_percapita
orgs_7,Comedor Popular / Número,numeric,151,,Servicios Sociales y Programas,"Suma/Total + tasa per cápita (por 1,000 hab.)",cobertura_programas_sociales_percapita
orgs_8,Comedor Popular / Total de beneficiarios al 31 de diciembre 2015,numeric,1108,,Servicios Sociales y Programas,"Suma/Total + tasa per cápita (por 1,000 hab.)",cobertura_programas_sociales_percapita
orgs_9,Comedor Popular / Total de beneficiarios al 30 de junio 2016,numeric,834,,Servicios Sociales y Programas,"Suma/Total + tasa per cápita (por 1,000 hab.)",cobertura_programas_sociales_percapita
orgs_11,Club de madres / Número,numeric,115,,Servicios Sociales y Programas,"Suma/Total + tasa per cápita (por 1,000 hab.)",cobertura_programas_sociales_percapita
orgs_12,Club de madres / Total de beneficiarios al 31 de diciembre 2015,numeric,585,,Servicios Sociales y Programas,"Suma/Total + tasa per cápita (por 1,000 hab.)",cobertura_programas_sociales_percapita
orgs_13,Club de madres / Total de beneficiarios al 30 de junio 2016,numeric,449,,Servicios Sociales y Programas,"Suma/Total + tasa per cápita (por 1,000 hab.)",cobertura_programas_sociales_percapita
orgs_15,Organizaciones sociales / Organizaciones juveniles / Número,numeric,36,,Servicios Sociales y Programas,"Suma/Total + tasa per cápita (por 1,000 hab.)",cobertura_programas_sociales_percapita
orgs_16,Organizaciones sociales / Organizaciones juveniles / Total de beneficiarios al 3,numeric,190,,Servicios Sociales y Programas,"Suma/Total + tasa per cápita (por 1,000 hab.)",cobertura_programas_sociales_percapita
orgs_17,Organizaciones sociales / Organizaciones juveniles / Total de beneficiarios al 3,numeric,172,,Servicios Sociales y Programas,"Suma/Total + tasa per cápita (por 1,000 hab.)",cobertura_programas_sociales_percapita
orgs_19,Otras organizaciones sociales / Número,numeric,24,,Servicios Sociales y Programas,"Suma/Total + tasa per cápita (por 1,000 hab.)",cobertura_programas_sociales_percapita
orgs_20,Otras organizaciones sociales / Total de beneficiarios al 31 de diciembre 2015,numeric,90,,Servicios Sociales y Programas,"Suma/Total + tasa per cápita (por 1,000 hab.)",cobertura_programas_sociales_percapita
orgs_21,Otras organizaciones sociales / Total de beneficiarios al 30 de junio 2016,numeric,32,,Servicios Sociales y Programas,"Suma/Total + tasa per cápita (por 1,000 hab.)",cobertura_programas_sociales_percapita
ciam_3,Centro Integral de Atención al Adulto Mayor (CIAM) / Total de beneficiarios al,numeric,691,,Servicios Sociales y Programas,"Suma/Total + tasa per cápita (por 1,000 hab.)",cobertura_programas_sociales_percapita
omaped_3,Oficina Municipal de Atención a la Persona con Discapacidad (OMAPED) / Total de,numeric,681,,Servicios Sociales y Programas,"Suma/Total + tasa per cápita (por 1,000 hab.)",cobertura_programas_sociales_percapita
bvleche_4,Beneficiarios del Programa del Vaso de Leche / Niñas y niños de 0 a 6 años /,numeric,2168,,Servicios Sociales y Programas,"Suma/Total + tasa per cápita (por 1,000 hab.)",cobertura_programas_sociales_percapita
bvleche_5,Beneficiarios del Programa del Vaso de Leche / Niñas y niños de 0 a 6 años /,numeric,1709,,Servicios Sociales y Programas,"Suma/Total + tasa per cápita (por 1,000 hab.)",cobertura_programas_sociales_percapita
bvleche_7,Beneficiarios del Programa del Vaso de Leche / Niñas y niños de 7 a 13 años /,numeric,798,,Servicios Sociales y Programas,"Suma/Total + tasa per cápita (por 1,000 hab.)",cobertura_programas_sociales_percapita
bvleche_10,Beneficiarios del Programa del Vaso de Leche / Madres gestantes / Número de ben,numeric,340,,Servicios Sociales y Programas,"Suma/Total + tasa per cápita (por 1,000 hab.)",cobertura_programas_sociales_percapita
bvleche_13,Beneficiarios del Programa del Vaso de Leche / Madres en período de lactancia /,numeric,470,,Servicios Sociales y Programas,"Suma/Total + tasa per cápita (por 1,000 hab.)",cobertura_programas_sociales_percapita
bvleche_16,Beneficiarios del Programa del Vaso de Leche / Personas afectadas con tuberculos,numeric,143,,Servicios Sociales y Programas,"Suma/Total + tasa per cápita (por 1,000 hab.)",cobertura_programas_sociales_percapita
bvleche_19,Beneficiarios del Programa del Vaso de Leche / Adulto Mayor / Número de benefic,numeric,671,,Servicios Sociales y Programas,"Suma/Total + tasa per cápita (por 1,000 hab.)",cobertura_programas_sociales_percapita
bvleche_22,Beneficiarios del Programa del Vaso de Leche / Personas con alguna discapacidad,numeric,299,,Servicios Sociales y Programas,"Suma/Total + tasa per cápita (por 1,000 hab.)",cobertura_programas_sociales_percapita
bvleche_25,Beneficiarios del Programa del Vaso de Leche / Otros casos sociales / Número de,numeric,123,,Servicios Sociales y Programas,"Suma/Total + tasa per cápita (por 1,000 hab.)",cobertura_programas_sociales_percapita
bvleche_1,Beneficiarios del Programa del Vaso de Leche / Total de beneficiarios / Número,numeric,2404,,Servicios Sociales y Programas,"Suma/Total + tasa per cápita (por 1,000 hab.)",cobertura_programas_sociales_percapita
financproy_2,Número de proyectos  / Agua y saneamiento,numeric,22,,Proyectos e Inversión Pública,"Suma/Total + tasa per cápita (por 1,000 hab.)",proyectos_inversion_totales_y_por_sector
financproy_4,Número de proyectos  / Electrificación,numeric,9,,Proyectos e Inversión Pública,"Suma/Total + tasa per cápita (por 1,000 hab.)",proyectos_inversion_totales_y_por_sector
financproy_6,Número de proyectos / Hospital,numeric,4,,Proyectos e Inversión Pública,"Suma/Total + tasa per cápita (por 1,000 hab.)",proyectos_inversion_totales_y_por_sector
financproy_8,Número de proyectos / Centro de salud,numeric,7,,Proyectos e Inversión Pública,"Suma/Total + tasa per cápita (por 1,000 hab.)",proyectos_inversion_totales_y_por_sector
financproy_10,Número de proyectos / Puesto de salud,numeric,8,,Proyectos e Inversión Pública,"Suma/Total + tasa per cápita (por 1,000 hab.)",proyectos_inversion_totales_y_por_sector
financproy_12,Número de proyectos / Aulas escolares,numeric,17,,Proyectos e Inversión Pública,"Suma/Total + tasa per cápita (por 1,000 hab.)",proyectos_inversion_totales_y_por_sector
financproy_14,Número de proyectos / Infraestructura vial,numeric,23,,Proyectos e Inversión Pública,"Suma/Total + tasa per cápita (por 1,000 hab.)",proyectos_inversion_totales_y_por_sector
financproy_16,Número de proyectos / Sistemas de riego,numeric,10,,Proyectos e Inversión Pública,"Suma/Total + tasa per cápita (por 1,000 hab.)",proyectos_inversion_totales_y_por_sector
financproy_18,Número de proyectos / Otro,numeric,12,,Proyectos e Inversión Pública,"Suma/Total + tasa per cápita (por 1,000 hab.)",proyectos_inversion_totales_y_por_sector
serpers_7,Efectivos de serenazgo al 30 de junio 2016 / Total,numeric,271,,Seguridad Ciudadana,"Suma/Total + tasa per cápita (por 1,000 hab.)",serenazgo_y_indice_intervenciones
serinterv_3,Número de intervenciones registradas por el serenazgo / Robo a transeúntes,numeric,314,,Seguridad Ciudadana,"Suma/Total + tasa per cápita (por 1,000 hab.)",serenazgo_y_indice_intervenciones
serinterv_5,Número de intervenciones registradas por el serenazgo / Robo a domicilio,numeric,160,,Seguridad Ciudadana,"Suma/Total + tasa per cápita (por 1,000 hab.)",serenazgo_y_indice_intervenciones
serinterv_7,Número de intervenciones registradas por el serenazgo / Robo de vehículos,numeric,128,,Seguridad Ciudadana,"Suma/Total + tasa per cápita (por 1,000 hab.)",serenazgo_y_indice_intervenciones
serinterv_9,Número de intervenciones registradas por el serenazgo / Robo de autopartes,numeric,113,,Seguridad Ciudadana,"Suma/Total + tasa per cápita (por 1,000 hab.)",serenazgo_y_indice_intervenciones
serinterv_11,Número de intervenciones registradas por el serenazgo / Robo a establecimientos,numeric,117,,Seguridad Ciudadana,"Suma/Total + tasa per cápita (por 1,000 hab.)",serenazgo_y_indice_intervenciones
serinterv_13,Número de intervenciones registradas por el serenazgo / Consumo de alcohol en v,numeric,533,,Seguridad Ciudadana,"Suma/Total + tasa per cápita (por 1,000 hab.)",serenazgo_y_indice_intervenciones
serinterv_15,Número de intervenciones registradas por el serenazgo / Consumo de drogas,numeric,327,,Seguridad Ciudadana,"Suma/Total + tasa per cápita (por 1,000 hab.)",serenazgo_y_indice_intervenciones
serinterv_17,Número de intervenciones registradas por el serenazgo / Accidentes de tránsito,numeric,369,,Seguridad Ciudadana,"Suma/Total + tasa per cápita (por 1,000 hab.)",serenazgo_y_indice_intervenciones
serinterv_19,Número de intervenciones registradas por el serenazgo / Comercio Informal,numeric,317,,Seguridad Ciudadana,"Suma/Total + tasa per cápita (por 1,000 hab.)",serenazgo_y_indice_intervenciones
serinterv_25,Número de intervenciones registradas por el serenazgo / Otro,numeric,166,,Seguridad Ciudadana,"Suma/Total + tasa per cápita (por 1,000 hab.)",serenazgo_y_indice_intervenciones
csegactiv_3,Número de Sesiones de Comité de Seguridad Ciudadana,numeric,38,,Seguridad Ciudadana,"Suma/Total + tasa per cápita (por 1,000 hab.)",serenazgo_y_indice_intervenciones
servspriv_info,La municipalidad informó sobre establecimientos de servicios y comercio en funci,haven_labelled,1,No informó = 0; Informó = 1,Información de Servicios y Salud,Dummy (0/1) + Conteo por bloque + % sobre total dummies del bloque,servicios_salud_info_dummy
denunciasamb_inf,Municipalidad informó sobre registro de denuncias ambientales,haven_labelled,1,No informó = 0; Informó = 1,Gestión Ambiental y Gestión del Riesgo,Dummy (0/1) + Conteo por bloque + % sobre total dummies del bloque,denuncias_ambientales_total_y_ratio_atencion
denunciasamb_3,Número de denuncias recepcionadas / Contaminación del agua,numeric,38,,Gestión Ambiental y Gestión del Riesgo,"Suma/Total + tasa per cápita (por 1,000 hab.)",denuncias_ambientales_total_y_ratio_atencion
denunciasamb_4,Número de denuncias atendidas / Contaminación del agua,numeric,37,,Gestión Ambiental y Gestión del Riesgo,"Suma/Total + tasa per cápita (por 1,000 hab.)",denuncias_ambientales_total_y_ratio_atencion
denunciasamb_6,Número de denuncias recepcionadas / Contaminación del suelo,numeric,45,,Gestión Ambiental y Gestión del Riesgo,"Suma/Total + tasa per cápita (por 1,000 hab.)",denuncias_ambientales_total_y_ratio_atencion
denunciasamb_7,Número de denuncias atendidas / Contaminación del suelo,numeric,42,,Gestión Ambiental y Gestión del Riesgo,"Suma/Total + tasa per cápita (por 1,000 hab.)",denuncias_ambientales_total_y_ratio_atencion
denunciasamb_9,Número de denuncias recepcionadas / Contaminación del aire,numeric,48,,Gestión Ambiental y Gestión del Riesgo,"Suma/Total + tasa per cápita (por 1,000 hab.)",denuncias_ambientales_total_y_ratio_atencion
denunciasamb_10,Número de denuncias atendidas / Contaminación del aire,numeric,45,,Gestión Ambiental y Gestión del Riesgo,"Suma/Total + tasa per cápita (por 1,000 hab.)",denuncias_ambientales_total_y_ratio_atencion
denunciasamb_12,Número de denuncias recepcionadas /  Deforestación y quema de bosques,numeric,19,,Gestión Ambiental y Gestión del Riesgo,"Suma/Total + tasa per cápita (por 1,000 hab.)",denuncias_ambientales_total_y_ratio_atencion
denunciasamb_13,Número de denuncias atendidas /  Deforestación y quema de bosques,numeric,19,,Gestión Ambiental y Gestión del Riesgo,"Suma/Total + tasa per cápita (por 1,000 hab.)",denuncias_ambientales_total_y_ratio_atencion
denunciasamb_15,Número de denuncias recepcionadas /  Contaminación sonora,numeric,66,,Gestión Ambiental y Gestión del Riesgo,"Suma/Total + tasa per cápita (por 1,000 hab.)",denuncias_ambientales_total_y_ratio_atencion
denunciasamb_16,Número de denuncias atendidas /   Contaminación sonora,numeric,63,,Gestión Ambiental y Gestión del Riesgo,"Suma/Total + tasa per cápita (por 1,000 hab.)",denuncias_ambientales_total_y_ratio_atencion
denunciasamb_17,¿La municipalidad registró otro tipo de denuncias ambientales?,haven_labelled,2,Si = 1; No = 2,Gestión Ambiental y Gestión del Riesgo,Dummy (0/1) + Conteo por bloque + % sobre total dummies del bloque,denuncias_ambientales_total_y_ratio_atencion
participacion_inf,Municipalidad informante sobre participación de la población en la gestión admin,haven_labelled,2,No informó = 0; Informó = 1,Participación y Concertación,Categoría ordinal/nominal → one-hot o score ordinal,indice_participacion_ciudadana
bibliopers_15,,numeric,26,,Recursos Físicos y Tecnología,Suma/Media + normalización per cápita o por presupuesto,agg_equipamiento_municipal
serinterv_21,,numeric,328,,Seguridad Ciudadana,Suma/Media + normalización per cápita o por presupuesto,serenazgo_y_indice_intervenciones
serinterv_23,,numeric,146,,Seguridad Ciudadana,Suma/Media + normalización per cápita o por presupuesto,serenazgo_y_indice_intervenciones
residfrec_2,RECODE of P45_1 (Frecuencia de recojo de residuos sólidos (basura) que realiza l,haven_labelled,5,diaria = 1; interdiaria = 2; dos veces por semana = 3; una vez por semana = 4; no recogio = 5,Limpieza Pública y Residuos,Dummy (0/1) + Conteo por bloque + % sobre total dummies del bloque,gasto_limpieza_total_y_ratio
limpgast_inf,RECODE of VFI_P50 (Municipalidad),haven_labelled,2,no informo = 0; si informo = 1,Finanzas Municipales,Categoría ordinal/nominal → one-hot o score ordinal,gasto_total_y_ratios_funcionales
opelimp_inf,RECODE of VFI_P52 (Municipalidad),haven_labelled,2,no informo = 0; si informo = 1,Otros/Metadatos,Categoría ordinal/nominal → one-hot o score ordinal,meta_identificadores
regamb_inf,RECODE of VFI_P53 (Municipalidad),haven_labelled,1,no informo = 0; si informo = 1,Gestión Ambiental y Gestión del Riesgo,Categoría ordinal/nominal → one-hot o score ordinal,indice_gestion_riesgos
regamb_1,RECODE of P53 (¿La municipalidad registró vendedores ambulantes?),haven_labelled,2,no registro = 0; si registro = 1,Gestión Ambiental y Gestión del Riesgo,Dummy (0/1) + Conteo por bloque + % sobre total dummies del bloque,indice_gestion_riesgos
internet_1,RECODE of P56 (¿La municipalidad brindó servicios de cabinas de Internet?),haven_labelled,2,no brindo = 0; si brindo = 1,Servicios Básicos e Infraestructura,Dummy (0/1) + Conteo por bloque + % sobre total dummies del bloque,indice_cobertura_servicios_basicos
bibliopers_1,RECODE of P60 (¿La municipalidad tiene personal exclusivo de la biblioteca munic,haven_labelled,2,no tiene = 0; si tiene = 1,Recursos Físicos y Tecnología,Dummy (0/1) + Conteo por bloque + % sobre total dummies del bloque,agg_equipamiento_municipal
infradep_inf,RECODE of VFI_P64 (Municipalidad),haven_labelled,2,no informo = 0; si informo = 1,Infraestructura Deportiva y Cultural,Categoría ordinal/nominal → one-hot o score ordinal,infraestructura_deportiva_cultural_total
infracul_1,,numeric,2,,Infraestructura Deportiva y Cultural,Suma/Media + normalización per cápita o por presupuesto,infraestructura_deportiva_cultural_total
infracul_2,RECODE of P65_1 (¿La municipalidad administró locales para uso recreacional y cu,haven_labelled,2,no administro = 0; si administro = 1,Infraestructura Deportiva y Cultural,Dummy (0/1) + Conteo por bloque + % sobre total dummies del bloque,infraestructura_deportiva_cultural_total
ciam_1,RECODE of P66A_1 (¿Existe Centro Integral de Atención al Adulto Mayor (CIAM) en,haven_labelled,2,no = 0; si = 1,Servicios Sociales y Programas,Dummy (0/1) + Conteo por bloque + % sobre total dummies del bloque,cobertura_programas_sociales_percapita
omaped_1,,numeric,2,,Servicios Sociales y Programas,Suma/Media + normalización per cápita o por presupuesto,cobertura_programas_sociales_percapita
demuna_inf,RECODE of VFI_P68 (Municipalidad),haven_labelled,2,no informo = 0; si informo = 1,Otros/Metadatos,Categoría ordinal/nominal → one-hot o score ordinal,meta_identificadores
demuna_1,RECODE of P68 (¿La municipalidad brindó el servicio de Defensoría Municipal del,haven_labelled,2,no brindo = 0; si brindo = 1,Otros/Metadatos,Dummy (0/1) + Conteo por bloque + % sobre total dummies del bloque,meta_identificadores
financinst_inf,RECODE of VFI_P69 (Municipalidad),haven_labelled,1,no informo = 0; si informo = 1,Proyectos e Inversión Pública,Categoría ordinal/nominal → one-hot o score ordinal,proyectos_inversion_totales_y_por_sector
financinst_2,RECODE of P69_1_1 (Organismos o instituciones / Obras de infraestructura / Públi,haven_labelled,2,no realiza = 0; si realiza = 1,Proyectos e Inversión Pública,Categoría ordinal/nominal → one-hot o score ordinal,proyectos_inversion_totales_y_por_sector
financinst_3,RECODE of P69_2_1 (Organismos o instituciones / Obras de infraestructura / Públi,haven_labelled,2,no realiza = 0; si realiza = 1,Proyectos e Inversión Pública,Categoría ordinal/nominal → one-hot o score ordinal,proyectos_inversion_totales_y_por_sector
financinst_4,RECODE of P69_3_1 (Organismos o instituciones / Obras de infraestructura / Públi,haven_labelled,2,no realiza = 0; si realiza = 1,Proyectos e Inversión Pública,Categoría ordinal/nominal → one-hot o score ordinal,proyectos_inversion_totales_y_por_sector
financinst_5,RECODE of P69_4_1 (Organismos o instituciones / Obras de infraestructura / Públi,haven_labelled,2,no realiza = 0; si realiza = 1,Proyectos e Inversión Pública,Categoría ordinal/nominal → one-hot o score ordinal,proyectos_inversion_totales_y_por_sector
financinst_6,RECODE of P69_5_1 (Organismos o instituciones / Obras de infraestructura / Públi,haven_labelled,2,no realiza = 0; si realiza = 1,Proyectos e Inversión Pública,Categoría ordinal/nominal → one-hot o score ordinal,proyectos_inversion_totales_y_por_sector
financinst_7,RECODE of P69_6_1 (Organismos o instituciones / Obras de infraestructura / Públi,haven_labelled,2,no realiza = 0; si realiza = 1,Proyectos e Inversión Pública,Categoría ordinal/nominal → one-hot o score ordinal,proyectos_inversion_totales_y_por_sector
financinst_8,RECODE of P69_7_1 (Organismos o instituciones / Obras de infraestructura / Públi,haven_labelled,2,no realiza = 0; si realiza = 1,Proyectos e Inversión Pública,Categoría ordinal/nominal → one-hot o score ordinal,proyectos_inversion_totales_y_por_sector
financinst_9,RECODE of P69_8_1 (Organismos o instituciones / Obras de infraestructura / Públi,haven_labelled,2,no realiza = 0; si realiza = 1,Proyectos e Inversión Pública,Categoría ordinal/nominal → one-hot o score ordinal,proyectos_inversion_totales_y_por_sector
financinst_10,RECODE of P69_9_1 (Organismos o instituciones / Obras de infraestructura / Públi,haven_labelled,2,no realiza = 0; si realiza = 1,Proyectos e Inversión Pública,Categoría ordinal/nominal → one-hot o score ordinal,proyectos_inversion_totales_y_por_sector
financinst_12,RECODE of P69_11_1 (Organismos o instituciones / Obras de infraestructura / Priv,haven_labelled,2,no realiza = 0; si realiza = 1,Proyectos e Inversión Pública,Categoría ordinal/nominal → one-hot o score ordinal,proyectos_inversion_totales_y_por_sector
financinst_13,RECODE of P69_12_1 (Organismos o instituciones / Obras de infraestructura / Priv,haven_labelled,2,no realiza = 0; si realiza = 1,Proyectos e Inversión Pública,Categoría ordinal/nominal → one-hot o score ordinal,proyectos_inversion_totales_y_por_sector
financinst_14,RECODE of P69_13_1 (Organismos o instituciones / Obras de infraestructura / Priv,haven_labelled,2,no realiza = 0; si realiza = 1,Proyectos e Inversión Pública,Categoría ordinal/nominal → one-hot o score ordinal,proyectos_inversion_totales_y_por_sector
financinst_15,RECODE of P69_14_1 (Organismos o instituciones / Obras de infraestructura / Priv,haven_labelled,2,no realiza = 0; si realiza = 1,Proyectos e Inversión Pública,Categoría ordinal/nominal → one-hot o score ordinal,proyectos_inversion_totales_y_por_sector
financinst_16,RECODE of P69_15_1 (Organismos o instituciones / Obras de infraestructura / Priv,haven_labelled,2,no realiza = 0; si realiza = 1,Proyectos e Inversión Pública,Categoría ordinal/nominal → one-hot o score ordinal,proyectos_inversion_totales_y_por_sector
financinst_17,RECODE of P69_16_1 (Organismos o instituciones / Obras de infraestructura / Priv,haven_labelled,2,no realiza = 0; si realiza = 1,Proyectos e Inversión Pública,Categoría ordinal/nominal → one-hot o score ordinal,proyectos_inversion_totales_y_por_sector
financinst_19,RECODE of P69_1_2 (Organismos o instituciones / Programas sociales / Público / M,haven_labelled,2,no realiza = 0; si realiza = 1,Proyectos e Inversión Pública,Categoría ordinal/nominal → one-hot o score ordinal,proyectos_inversion_totales_y_por_sector
financinst_20,RECODE of P69_2_2 (Organismos o instituciones / Programas Sociales / Público / M,haven_labelled,2,no realiza = 0; si realiza = 1,Proyectos e Inversión Pública,Categoría ordinal/nominal → one-hot o score ordinal,proyectos_inversion_totales_y_por_sector
financinst_21,RECODE of P69_3_2 (Organismos o instituciones / Programas Sociales/ Público / Mi,haven_labelled,2,no realiza = 0; si realiza = 1,Proyectos e Inversión Pública,Categoría ordinal/nominal → one-hot o score ordinal,proyectos_inversion_totales_y_por_sector
financinst_22,RECODE of P69_4_2 (Organismos o instituciones / Programas Sociales / Público / M,haven_labelled,2,no realiza = 0; si realiza = 1,Proyectos e Inversión Pública,Categoría ordinal/nominal → one-hot o score ordinal,proyectos_inversion_totales_y_por_sector
financinst_23,RECODE of P69_5_2 (Organismos o instituciones / Programas Sociales / Público / M,haven_labelled,2,no realiza = 0; si realiza = 1,Proyectos e Inversión Pública,Categoría ordinal/nominal → one-hot o score ordinal,proyectos_inversion_totales_y_por_sector
financinst_24,RECODE of P69_6_2 (Organismos o instituciones / Programas Sociales / Público / M,haven_labelled,2,no realiza = 0; si realiza = 1,Proyectos e Inversión Pública,Categoría ordinal/nominal → one-hot o score ordinal,proyectos_inversion_totales_y_por_sector
financinst_25,RECODE of P69_7_2 (Organismos o instituciones / Programas Sociales / Público / G,haven_labelled,2,no realiza = 0; si realiza = 1,Proyectos e Inversión Pública,Categoría ordinal/nominal → one-hot o score ordinal,proyectos_inversion_totales_y_por_sector
financinst_26,RECODE of P69_8_2 (Organismos o instituciones / Programas Sociales / Público / G,haven_labelled,2,no realiza = 0; si realiza = 1,Proyectos e Inversión Pública,Categoría ordinal/nominal → one-hot o score ordinal,proyectos_inversion_totales_y_por_sector
financinst_27,RECODE of P69_10_1 (Organismos o instituciones / Programas Sociales / Público /,haven_labelled,2,no realiza = 0; si realiza = 1,Proyectos e Inversión Pública,Categoría ordinal/nominal → one-hot o score ordinal,proyectos_inversion_totales_y_por_sector
financinst_29,RECODE of P69_11_2 (Organismos o instituciones / Programas Sociales / Privado /,haven_labelled,2,no realiza = 0; si realiza = 1,Proyectos e Inversión Pública,Categoría ordinal/nominal → one-hot o score ordinal,proyectos_inversion_totales_y_por_sector
financinst_30,RECODE of P69_12_2 (Organismos o instituciones / Programas Sociales / Privado /,haven_labelled,2,no realiza = 0; si realiza = 1,Proyectos e Inversión Pública,Categoría ordinal/nominal → one-hot o score ordinal,proyectos_inversion_totales_y_por_sector
financinst_31,RECODE of P69_13_2 (Organismos o instituciones / Programas Sociales / Privado /,haven_labelled,2,no realiza = 0; si realiza = 1,Proyectos e Inversión Pública,Categoría ordinal/nominal → one-hot o score ordinal,proyectos_inversion_totales_y_por_sector
financinst_32,RECODE of P69_14_2 (Organismos o instituciones / Programas Sociales / Privado /,haven_labelled,2,no realiza = 0; si realiza = 1,Proyectos e Inversión Pública,Categoría ordinal/nominal → one-hot o score ordinal,proyectos_inversion_totales_y_por_sector
financinst_33,RECODE of P69_15_2 (Organismos o instituciones / Programas Sociales / Privado /,haven_labelled,2,no realiza = 0; si realiza = 1,Proyectos e Inversión Pública,Categoría ordinal/nominal → one-hot o score ordinal,proyectos_inversion_totales_y_por_sector
financinst_34,RECODE of P69_17_1 (Organismos o instituciones / Programas Sociales / Privado /,haven_labelled,2,no realiza = 0; si realiza = 1,Proyectos e Inversión Pública,Categoría ordinal/nominal → one-hot o score ordinal,proyectos_inversion_totales_y_por_sector
financproy_inf,RECODE of VFI_P70 (Municipalidad),haven_labelled,2,no informo = 0; si informo = 1,Proyectos e Inversión Pública,Categoría ordinal/nominal → one-hot o score ordinal,proyectos_inversion_totales_y_por_sector
financproy_1,RECODE of P70_1 (¿La municipalidad ha recibido transferencia de proyectos de inf,haven_labelled,2,no = 0; si = 1,Proyectos e Inversión Pública,Dummy (0/1) + Conteo por bloque + % sobre total dummies del bloque,proyectos_inversion_totales_y_por_sector
financproy_3,RECODE of P70_2 (¿La municipalidad ha recibido transferencia de proyectos de inf,haven_labelled,2,no = 0; si = 1,Proyectos e Inversión Pública,Dummy (0/1) + Conteo por bloque + % sobre total dummies del bloque,proyectos_inversion_totales_y_por_sector
financproy_5,RECODE of P70_3 (¿La municipalidad ha recibido transferencia de proyectos de inf,haven_labelled,2,no = 0; si = 1,Proyectos e Inversión Pública,Dummy (0/1) + Conteo por bloque + % sobre total dummies del bloque,proyectos_inversion_totales_y_por_sector
financproy_7,RECODE of P70_4 (¿La municipalidad ha recibido transferencia de proyectos de inf,haven_labelled,2,no = 0; si = 1,Proyectos e Inversión Pública,Dummy (0/1) + Conteo por bloque + % sobre total dummies del bloque,proyectos_inversion_totales_y_por_sector
financproy_9,RECODE of P70_5 (¿La municipalidad ha recibido transferencia de proyectos de inf,haven_labelled,2,no = 0; si = 1,Proyectos e Inversión Pública,Dummy (0/1) + Conteo por bloque + % sobre total dummies del bloque,proyectos_inversion_totales_y_por_sector
financproy_11,RECODE of P70_6 (¿La municipalidad ha recibido transferencia de proyectos de inf,haven_labelled,2,no = 0; si = 1,Proyectos e Inversión Pública,Dummy (0/1) + Conteo por bloque + % sobre total dummies del bloque,proyectos_inversion_totales_y_por_sector
financproy_13,RECODE of P70_7 (¿La municipalidad ha recibido transferencia de proyectos de inf,haven_labelled,2,no = 0; si = 1,Proyectos e Inversión Pública,Dummy (0/1) + Conteo por bloque + % sobre total dummies del bloque,proyectos_inversion_totales_y_por_sector
financproy_15,RECODE of P70_8 (¿La municipalidad ha recibido transferencia de proyectos de inf,haven_labelled,2,no = 0; si = 1,Proyectos e Inversión Pública,Dummy (0/1) + Conteo por bloque + % sobre total dummies del bloque,proyectos_inversion_totales_y_por_sector
financproy_17,RECODE of P70_9 (¿La municipalidad ha recibido transferencia de proyectos de inf,haven_labelled,2,no = 0; si = 1,Proyectos e Inversión Pública,Dummy (0/1) + Conteo por bloque + % sobre total dummies del bloque,proyectos_inversion_totales_y_por_sector
estsalud_inf,RECODE of VFI_P71 (Municipalidad),haven_labelled,2,no informo = 0; si informo = 1,Información de Servicios y Salud,Categoría ordinal/nominal → one-hot o score ordinal,servicios_salud_info_dummy
serinterv_inf,RECODE of VFI_P75 (Municipalidad),haven_labelled,2,no informo = 0; si informo = 1,Seguridad Ciudadana,Categoría ordinal/nominal → one-hot o score ordinal,serenazgo_y_indice_intervenciones
serinterv_1,,numeric,2,,Seguridad Ciudadana,Suma/Media + normalización per cápita o por presupuesto,serenazgo_y_indice_intervenciones
serinterv_2,RECODE of P75_1 (¿El serenazgo registró intervenciones por / Robo a transeúntes?,haven_labelled,2,no registra = 0; si registra = 1,Seguridad Ciudadana,Dummy (0/1) + Conteo por bloque + % sobre total dummies del bloque,serenazgo_y_indice_intervenciones
serinterv_4,RECODE of P75_2 (¿El serenazgo registró intervenciones por / Robo a domicilio?),haven_labelled,2,no registra = 0; si registra = 1,Seguridad Ciudadana,Dummy (0/1) + Conteo por bloque + % sobre total dummies del bloque,serenazgo_y_indice_intervenciones
serinterv_6,RECODE of P75_3 (¿El serenazgo registró intervenciones por / Robo de vehículos?),haven_labelled,2,no registra = 0; si registra = 1,Seguridad Ciudadana,Dummy (0/1) + Conteo por bloque + % sobre total dummies del bloque,serenazgo_y_indice_intervenciones
serinterv_8,RECODE of P75_4 (¿El serenazgo registró intervenciones por / Robo de autopartes?,haven_labelled,2,no registra = 0; si registra = 1,Seguridad Ciudadana,Dummy (0/1) + Conteo por bloque + % sobre total dummies del bloque,serenazgo_y_indice_intervenciones
serinterv_10,RECODE of P75_5 (¿El serenazgo registró intervenciones por / Robo a establecimie,haven_labelled,2,no registra = 0; si registra = 1,Seguridad Ciudadana,Dummy (0/1) + Conteo por bloque + % sobre total dummies del bloque,serenazgo_y_indice_intervenciones
serinterv_12,RECODE of P75_6 (¿El serenazgo registró intervenciones por / Consumo de alcohol,haven_labelled,2,no registra = 0; si registra = 1,Seguridad Ciudadana,Dummy (0/1) + Conteo por bloque + % sobre total dummies del bloque,serenazgo_y_indice_intervenciones
serinterv_14,RECODE of P75_7 (¿El serenazgo registró intervenciones por / Consumo de drogas?),haven_labelled,2,no registra = 0; si registra = 1,Seguridad Ciudadana,Dummy (0/1) + Conteo por bloque + % sobre total dummies del bloque,serenazgo_y_indice_intervenciones
serinterv_16,RECODE of P75_8 (¿El serenazgo registró intervenciones por / Accidentes de tráns,haven_labelled,2,no registra = 0; si registra = 1,Seguridad Ciudadana,Dummy (0/1) + Conteo por bloque + % sobre total dummies del bloque,serenazgo_y_indice_intervenciones
serinterv_18,RECODE of P75_9 (¿El serenazgo registró intervenciones por / Comercio Informal?),haven_labelled,2,no registra = 0; si registra = 1,Seguridad Ciudadana,Dummy (0/1) + Conteo por bloque + % sobre total dummies del bloque,serenazgo_y_indice_intervenciones
serinterv_20,,numeric,2,,Seguridad Ciudadana,Suma/Media + normalización per cápita o por presupuesto,serenazgo_y_indice_intervenciones
serinterv_22,,numeric,2,,Seguridad Ciudadana,Suma/Media + normalización per cápita o por presupuesto,serenazgo_y_indice_intervenciones
serinterv_24,RECODE of P75_10 (¿El serenazgo registró intervenciones por / Otro?),haven_labelled,2,no registra = 0; si registra = 1,Seguridad Ciudadana,Dummy (0/1) + Conteo por bloque + % sobre total dummies del bloque,serenazgo_y_indice_intervenciones
patrullfrec_1,,numeric,5,,Seguridad Ciudadana,Suma/Media + normalización per cápita o por presupuesto,serenazgo_y_indice_intervenciones
csegconf_1,RECODE of P80 (¿La Municipalidad conformó el Comité Provincial / Distrital de Se,haven_labelled,2,no conformo = 0; si conformo = 1,Seguridad Ciudadana,Dummy (0/1) + Conteo por bloque + % sobre total dummies del bloque,serenazgo_y_indice_intervenciones
orgseg_1,RECODE of P84_1 (¿La municipalidad registró organizaciones de seguridad vecinal,haven_labelled,2,no = 0; si = 1,Seguridad Ciudadana,Dummy (0/1) + Conteo por bloque + % sobre total dummies del bloque,serenazgo_y_indice_intervenciones
griesgosgr_1,RECODE of P86 (¿La municipalidad tiene constituido el grupo de trabajo de la Ges,haven_labelled,2,no = 0; si = 1,Gestión Ambiental y Gestión del Riesgo,Dummy (0/1) + Conteo por bloque + % sobre total dummies del bloque,indice_gestion_riesgos
bdefensa_1,RECODE of P89 (¿La municipalidad tiene brigadas de Defensa Civil?),haven_labelled,2,no tiene = 0; si tiene = 1,Gestión Ambiental y Gestión del Riesgo,Dummy (0/1) + Conteo por bloque + % sobre total dummies del bloque,indice_gestion_riesgos
coel_1,RECODE of P90 (¿La municipalidad ha conformado el Centro de Operaciones de Emerg,haven_labelled,2,no ha conformado = 0; si ha conformado = 1,Gestión Ambiental y Gestión del Riesgo,Dummy (0/1) + Conteo por bloque + % sobre total dummies del bloque,indice_gestion_riesgos
almacen_inf,RECODE of VFI_P92 (Municipalidad),haven_labelled,2,no informo = 0; si informo = 1,Gestión Ambiental y Gestión del Riesgo,Categoría ordinal/nominal → one-hot o score ordinal,indice_gestion_riesgos
almacen_1,RECODE of P92 (¿La Municipalidad tiene almacén local de bienes de ayuda humanita,haven_labelled,2,no tiene = 0; si tiene = 1,Gestión Ambiental y Gestión del Riesgo,Dummy (0/1) + Conteo por bloque + % sobre total dummies del bloque,indice_gestion_riesgos
odefensa_1,RECODE of P93 (¿La municipalidad tiene Oficina de Defensa Civil?),haven_labelled,2,no tiene = 0; si tiene = 1,Gestión Ambiental y Gestión del Riesgo,Dummy (0/1) + Conteo por bloque + % sobre total dummies del bloque,indice_gestion_riesgos
odefensa_no,,numeric,2,,Gestión Ambiental y Gestión del Riesgo,Suma/Media + normalización per cápita o por presupuesto,indice_gestion_riesgos
invpp_1,,numeric,2,,Otros/Metadatos,Suma/Media + normalización per cápita o por presupuesto,meta_identificadores
invpp_2,,numeric,2,,Otros/Metadatos,Suma/Media + normalización per cápita o por presupuesto,meta_identificadores
invpp_3,,numeric,2,,Otros/Metadatos,Suma/Media + normalización per cápita o por presupuesto,meta_identificadores
invpp_4,,numeric,2,,Otros/Metadatos,Suma/Media + normalización per cápita o por presupuesto,meta_identificadores
invpp_5,,numeric,2,,Otros/Metadatos,Suma/Media + normalización per cápita o por presupuesto,meta_identificadores
fenom_2,RECODE of P95_1 (Fenómenos naturales registrados / Sismos),haven_labelled,2,no = 0; si = 1,Gestión Ambiental y Gestión del Riesgo,Dummy (0/1) + Conteo por bloque + % sobre total dummies del bloque,indice_gestion_riesgos
fenom_3,RECODE of P95_2 (Fenómenos naturales registrados / Aluviones),haven_labelled,2,no = 0; si = 1,Gestión Ambiental y Gestión del Riesgo,Dummy (0/1) + Conteo por bloque + % sobre total dummies del bloque,indice_gestion_riesgos
fenom_4,RECODE of P95_3 (Fenómenos naturales registrados / Deslizamientos de tierra),haven_labelled,2,no = 0; si = 1,Gestión Ambiental y Gestión del Riesgo,Dummy (0/1) + Conteo por bloque + % sobre total dummies del bloque,indice_gestion_riesgos
fenom_5,RECODE of P95_4 (Fenómenos naturales registrados / Derrumbes de cerros),haven_labelled,2,no = 0; si = 1,Gestión Ambiental y Gestión del Riesgo,Dummy (0/1) + Conteo por bloque + % sobre total dummies del bloque,indice_gestion_riesgos
fenom_6,RECODE of P95_5 (Fenómenos naturales registrados / Huaycos),haven_labelled,2,no = 0; si = 1,Gestión Ambiental y Gestión del Riesgo,Dummy (0/1) + Conteo por bloque + % sobre total dummies del bloque,indice_gestion_riesgos
fenom_7,RECODE of P95_6 (Fenómenos naturales registrados / Granizadas),haven_labelled,2,no = 0; si = 1,Gestión Ambiental y Gestión del Riesgo,Dummy (0/1) + Conteo por bloque + % sobre total dummies del bloque,indice_gestion_riesgos
fenom_9,RECODE of P95_7 (Fenómenos naturales registrados / Heladas),haven_labelled,2,no = 0; si = 1,Gestión Ambiental y Gestión del Riesgo,Dummy (0/1) + Conteo por bloque + % sobre total dummies del bloque,indice_gestion_riesgos
fenom_10,RECODE of P95_8 (Fenómenos naturales registrados / Nevadas),haven_labelled,2,no = 0; si = 1,Gestión Ambiental y Gestión del Riesgo,Dummy (0/1) + Conteo por bloque + % sobre total dummies del bloque,indice_gestion_riesgos
fenom_11,RECODE of P95_9 (Fenómenos naturales registrados / Lluvias intensas),haven_labelled,2,no = 0; si = 1,Gestión Ambiental y Gestión del Riesgo,Dummy (0/1) + Conteo por bloque + % sobre total dummies del bloque,indice_gestion_riesgos
fenom_12,RECODE of P95_10 (Fenómenos naturales registrados / Tormentas eléctricas),haven_labelled,2,no = 0; si = 1,Gestión Ambiental y Gestión del Riesgo,Dummy (0/1) + Conteo por bloque + % sobre total dummies del bloque,indice_gestion_riesgos
fenom_13,RECODE of P95_11 (Fenómenos naturales registrados / Inundaciones),haven_labelled,2,no = 0; si = 1,Gestión Ambiental y Gestión del Riesgo,Dummy (0/1) + Conteo por bloque + % sobre total dummies del bloque,indice_gestion_riesgos
fenom_14,RECODE of P95_12 (Fenómenos naturales registrados / Sequías),haven_labelled,2,no = 0; si = 1,Gestión Ambiental y Gestión del Riesgo,Dummy (0/1) + Conteo por bloque + % sobre total dummies del bloque,indice_gestion_riesgos
fenom_15,RECODE of P95_13 (Fenómenos naturales registrados / Vientos fuertes),haven_labelled,2,no = 0; si = 1,Gestión Ambiental y Gestión del Riesgo,Dummy (0/1) + Conteo por bloque + % sobre total dummies del bloque,indice_gestion_riesgos
fenom_16,RECODE of P95_14 (Fenómenos naturales registrados / Incendios forestales),haven_labelled,2,no = 0; si = 1,Gestión Ambiental y Gestión del Riesgo,Dummy (0/1) + Conteo por bloque + % sobre total dummies del bloque,indice_gestion_riesgos
fenom_17,RECODE of P95_15 (Fenómenos naturales registrados / Incendios urbanos),haven_labelled,2,no = 0; si = 1,Gestión Ambiental y Gestión del Riesgo,Dummy (0/1) + Conteo por bloque + % sobre total dummies del bloque,indice_gestion_riesgos
empinc_info,RECODE of VFI_P97 (Municipalidad),haven_labelled,2,no informo = 0; si informo = 1,Otros/Metadatos,Categoría ordinal/nominal → one-hot o score ordinal,meta_identificadores
empinc_2,RECODE of P97_1 (Acciones realizadas / Promoción y publicidad),haven_labelled,2,no = 0; si = 1,Otros/Metadatos,Categoría ordinal/nominal → one-hot o score ordinal,meta_identificadores
empinc_3,RECODE of P97_2 (Acciones realizadas / Ferias y concursos),haven_labelled,2,no = 0; si = 1,Otros/Metadatos,Categoría ordinal/nominal → one-hot o score ordinal,meta_identificadores
empinc_4,RECODE of P97_3 (Acciones realizadas / Convenios con Organización No Gubernament,haven_labelled,2,no = 0; si = 1,Otros/Metadatos,Dummy (0/1) + Conteo por bloque + % sobre total dummies del bloque,meta_identificadores
empinc_5,RECODE of P97_4 (Acciones realizadas / Capacitación para mejorar la producción y,haven_labelled,2,no = 0; si = 1,Otros/Metadatos,Categoría ordinal/nominal → one-hot o score ordinal,meta_identificadores
empinc_6,RECODE of P97_5 (Acciones realizadas / Simplificación de trámite para licencia d,haven_labelled,2,no = 0; si = 1,Instrumentos de Gestión y Gobernanza,Dummy (0/1) + Conteo por bloque + % sobre total dummies del bloque,indice_instrumentos_gestion_y_estado
empinc_7,RECODE of P97_6 (Acciones realizadas / Educación financiera orientada a la inver,haven_labelled,2,no = 0; si = 1,Otros/Metadatos,Categoría ordinal/nominal → one-hot o score ordinal,meta_identificadores
empinc_8,Acciones realizadas / Otra acción,haven_labelled,2,. = 1,Otros/Metadatos,Categoría ordinal/nominal → one-hot o score ordinal,meta_identificadores
oficinaamb_1,RECODE of P105 (¿La municipalidad tiene Oficina o Unidad Ambiental?),haven_labelled,2,tiene = 1; no tiene = 2,Gestión Ambiental y Gestión del Riesgo,Dummy (0/1) + Conteo por bloque + % sobre total dummies del bloque,indice_gestion_riesgos
denunciasamb_2,¿La municipalidad registró denuncias ambientales por contaminación del agua?,haven_labelled,2,No = 0; Sí = 1,Gestión Ambiental y Gestión del Riesgo,Dummy (0/1) + Conteo por bloque + % sobre total dummies del bloque,denuncias_ambientales_total_y_ratio_atencion
denunciasamb_5,¿La municipalidad registró denuncias ambientales por contaminación del suelo?,haven_labelled,2,No = 0; Sí = 1,Gestión Ambiental y Gestión del Riesgo,Dummy (0/1) + Conteo por bloque + % sobre total dummies del bloque,denuncias_ambientales_total_y_ratio_atencion
denunciasamb_8,¿La municipalidad registró denuncias ambientales por contaminación del aire?,haven_labelled,2,No = 0; Sí = 1,Gestión Ambiental y Gestión del Riesgo,Dummy (0/1) + Conteo por bloque + % sobre total dummies del bloque,denuncias_ambientales_total_y_ratio_atencion
denunciasamb_11,¿La municipalidad registró denuncias ambientales por deforestación y quema de,haven_labelled,2,No = 0; Sí = 1,Gestión Ambiental y Gestión del Riesgo,Dummy (0/1) + Conteo por bloque + % sobre total dummies del bloque,denuncias_ambientales_total_y_ratio_atencion
denunciasamb_14,¿La municipalidad registró denuncias ambientales por contaminación sonora?,haven_labelled,2,No = 0; Sí = 1,Gestión Ambiental y Gestión del Riesgo,Dummy (0/1) + Conteo por bloque + % sobre total dummies del bloque,denuncias_ambientales_total_y_ratio_atencion
denunciasamb_18,Número de denuncias recepcionadas /Otro,haven_labelled,2,Cero = 0,Gestión Ambiental y Gestión del Riesgo,Categoría ordinal/nominal → one-hot o score ordinal,denuncias_ambientales_total_y_ratio_atencion
denunciasamb_19, Número de denuncias atendidas / Otro,haven_labelled,2,Cero = 0,Gestión Ambiental y Gestión del Riesgo,Categoría ordinal/nominal → one-hot o score ordinal,denuncias_ambientales_total_y_ratio_atencion
participacion_2, Tipo de participación de la población en la gestión administrativa / Formulando,haven_labelled,2,No = 0; Sí = 1,Participación y Concertación,Categoría ordinal/nominal → one-hot o score ordinal,indice_participacion_ciudadana
participacion_3, Tipo de participación de la población en la gestión administrativa / Concertand,haven_labelled,2,No = 0; Sí = 2,Participación y Concertación,Categoría ordinal/nominal → one-hot o score ordinal,indice_participacion_ciudadana
participacion_4, Tipo de participación de la población en la gestión administrativa / Concertand,haven_labelled,2,No = 0; Sí = 3,Participación y Concertación,Categoría ordinal/nominal → one-hot o score ordinal,indice_participacion_ciudadana
participacion_5, Tipo de participación de la población en la gestión administrativa / En el pres,haven_labelled,2,No = 0; Sí = 4,Participación y Concertación,Categoría ordinal/nominal → one-hot o score ordinal,indice_participacion_ciudadana
participacion_6, Tipo de participación de la población en la gestión administrativa / En cabildo,haven_labelled,2,No = 0; Sí = 5,Participación y Concertación,Categoría ordinal/nominal → one-hot o score ordinal,indice_participacion_ciudadana
participacion_7, Tipo de participación de la población en la gestión administrativa / En audienc,haven_labelled,2,No = 0; Sí = 6,Participación y Concertación,Categoría ordinal/nominal → one-hot o score ordinal,indice_participacion_ciudadana
participacion_8, Tipo de participación de la población en la gestión administrativa / En accione,haven_labelled,2,No = 0; Sí = 7,Participación y Concertación,Categoría ordinal/nominal → one-hot o score ordinal,indice_participacion_ciudadana
participacion_9, Tipo de participación de la población en la gestión administrativa / En comites,haven_labelled,2,No = 0; Sí = 8,Participación y Concertación,Categoría ordinal/nominal → one-hot o score ordinal,indice_participacion_ciudadana
participacion_10, Tipo de participación de la población en la gestión administrativa / En comité,haven_labelled,2,No = 0; Sí = 9,Participación y Concertación,Categoría ordinal/nominal → one-hot o score ordinal,indice_participacion_ciudadana
participacion_11, Tipo de participación de la población en la gestión administrativa / En juntas,haven_labelled,2,No = 0; Sí = 10,Participación y Concertación,Categoría ordinal/nominal → one-hot o score ordinal,indice_participacion_ciudadana
participacion_12, Tipo de participación de la población en la gestión administrativa / Otro,haven_labelled,2,No = 0; Sí = 11,Participación y Concertación,Categoría ordinal/nominal → one-hot o score ordinal,indice_participacion_ciudadana
delegados_1, ¿La municipalidad tiene constituida la Junta de Delegados Vecinales?,haven_labelled,2,Sí = 1; No = 2,Participación y Concertación,Dummy (0/1) + Conteo por bloque + % sobre total dummies del bloque,indice_participacion_ciudadana
ins_muni,¿Municipalidad informó?,haven_labelled,1,No = 0; Sí = 1,Servicios Básicos e Infraestructura,Dummy (0/1) + Conteo por bloque + % sobre total dummies del bloque,indice_cobertura_servicios_basicos
ins_muni_1,¿El municipio informó que existen instalaciones de servicios de comunicación?,haven_labelled,2,No existe = 0; Existe = 1,Servicios Básicos e Infraestructura,Dummy (0/1) + Conteo por bloque + % sobre total dummies del bloque,indice_cobertura_servicios_basicos
ins_muni_3,Número de instalaciones de centros comunitarios telefónicos,numeric,55,,Servicios Básicos e Infraestructura,"Suma/Total + tasa per cápita (por 1,000 hab.)",indice_cobertura_servicios_basicos
ins_muni_5,Número de instalaciones de servicios de comunicación/Locutorios telefónicos,numeric,57,,Servicios Básicos e Infraestructura,"Suma/Total + tasa per cápita (por 1,000 hab.)",indice_cobertura_servicios_basicos
ins_muni_7,Número de instalaciones de servicios de comunicación / Mensajerías / Courier,numeric,24,,Servicios Básicos e Infraestructura,"Suma/Total + tasa per cápita (por 1,000 hab.)",indice_cobertura_servicios_basicos
ins_muni_9,Número de instalaciones de Cabinas públicas de internet,numeric,106,,Servicios Básicos e Infraestructura,"Suma/Total + tasa per cápita (por 1,000 hab.)",indice_cobertura_servicios_basicos
ins_muni_11,Número de instalaciones de Antenas parabólicas con servicios de internet,numeric,27,,Servicios Básicos e Infraestructura,"Suma/Total + tasa per cápita (por 1,000 hab.)",indice_cobertura_servicios_basicos
ins_muni_13,Número de instalaciones de Antenas parabólicas con servicios de voz,numeric,27,,Servicios Básicos e Infraestructura,"Suma/Total + tasa per cápita (por 1,000 hab.)",indice_cobertura_servicios_basicos
ins_muni_15,Número de instalaciones de servicio de comunicación / Otros,numeric,10,,Servicios Básicos e Infraestructura,"Suma/Total + tasa per cápita (por 1,000 hab.)",indice_cobertura_servicios_basicos
alum_muni,¿Municipalidad informó?,haven_labelled,1,No = 0; Sí = 1,Servicios Básicos e Infraestructura,Dummy (0/1) + Conteo por bloque + % sobre total dummies del bloque,indice_cobertura_servicios_basicos
alum_muni_1,¿La municipalidad informó que existe cobertura de alumbrado público?,haven_labelled,2,No existe = 0; Existe = 1,Servicios Básicos e Infraestructura,Dummy (0/1) + Conteo por bloque + % sobre total dummies del bloque,indice_cobertura_servicios_basicos
redpot_muni,¿Municipalidad informó?,haven_labelled,1,No = 0; Sí = 1,Servicios Básicos e Infraestructura,Dummy (0/1) + Conteo por bloque + % sobre total dummies del bloque,indice_cobertura_servicios_basicos
redpot_muni_1,¿La municipalidad informó que existe cobertura de la red de agua potable?,haven_labelled,2,No existe = 0; Existe = 1,Servicios Básicos e Infraestructura,Dummy (0/1) + Conteo por bloque + % sobre total dummies del bloque,indice_cobertura_servicios_basicos
enti_muni,¿Municipalidad informó?,haven_labelled,1,No = 0; Sí = 1,Servicios Básicos e Infraestructura,Dummy (0/1) + Conteo por bloque + % sobre total dummies del bloque,indice_cobertura_servicios_basicos
enti_muni_1,¿Las entidades se encargan de la operación de servicios de agua potable?,haven_labelled,2,No se encargan = 0; Se encargan = 1,Servicios Básicos e Infraestructura,Dummy (0/1) + Conteo por bloque + % sobre total dummies del bloque,indice_cobertura_servicios_basicos
enti_muni_3,Entidades u organizaciones/empresa prestadora privada,haven_labelled,2," Sí y está actualizado = 1; Sí y esta desactualizado = 2; No tiene, porque está en proceso de implementación = 3; No tiene, porque desconoce cómo implementarlo = 4",Servicios Básicos e Infraestructura,Categoría ordinal/nominal → one-hot o score ordinal,indice_cobertura_servicios_basicos
enti_muni_4,Entidades u organizaciones/Junta Administradora de Servicios de Saneamiento,haven_labelled,2," Sí y está actualizado = 1; Sí y esta desactualizado = 2; No tiene, porque está en proceso de implementación = 3; No tiene, porque desconoce cómo implementarlo = 4",Servicios Básicos e Infraestructura,Categoría ordinal/nominal → one-hot o score ordinal,indice_cobertura_servicios_basicos
enti_muni_5,Entidades u organizaciones/comité de agua,haven_labelled,2," Sí y está actualizado = 1; Sí y esta desactualizado = 2; No tiene, porque está en proceso de implementación = 3; No tiene, porque desconoce cómo implementarlo = 4",Servicios Básicos e Infraestructura,Categoría ordinal/nominal → one-hot o score ordinal,indice_cobertura_servicios_basicos
enti_muni_6,Entidades u organizaciones/otra entidad u organización,haven_labelled,2," Sí y está actualizado = 1; Sí y esta desactualizado = 2; No tiene, porque está en proceso de implementación = 3; No tiene, porque desconoce cómo implementarlo = 4",Servicios Básicos e Infraestructura,Categoría ordinal/nominal → one-hot o score ordinal,indice_cobertura_servicios_basicos
enti_muni_7,Entidades u organizaciones/otra entidad u organización/especifique,haven_labelled,2," Sí y está actualizado = 1; Sí y esta desactualizado = 2; No tiene, porque está en proceso de implementación = 3; No tiene, porque desconoce cómo implementarlo = 4",Servicios Básicos e Infraestructura,Categoría ordinal/nominal → one-hot o score ordinal,indice_cobertura_servicios_basicos
orga_muni,¿Municipalidad informó?,haven_labelled,1,No = 0; Sí = 1,Servicios Básicos e Infraestructura,Dummy (0/1) + Conteo por bloque + % sobre total dummies del bloque,indice_cobertura_servicios_basicos
orga_muni_1,¿La municipalidad supervisa organizaciones comunitarias de servicios de agua?,haven_labelled,2,No supervisa = 0; Supervisa = 1,Servicios Básicos e Infraestructura,Dummy (0/1) + Conteo por bloque + % sobre total dummies del bloque,indice_cobertura_servicios_basicos
orga_muni_2,Organizaciones comunitarias/Junta Administradora de Servicios de Saneamiento,haven_labelled,2," Sí y está actualizado = 1; Sí y esta desactualizado = 2; No tiene, porque está en proceso de implementación = 3; No tiene, porque desconoce cómo implementarlo = 4",Servicios Básicos e Infraestructura,Categoría ordinal/nominal → one-hot o score ordinal,indice_cobertura_servicios_basicos
orga_muni_3,Organizaciones comunitarias/asociación de usuarios,haven_labelled,2," Sí y está actualizado = 1; Sí y esta desactualizado = 2; No tiene, porque está en proceso de implementación = 3; No tiene, porque desconoce cómo implementarlo = 4",Servicios Básicos e Infraestructura,Categoría ordinal/nominal → one-hot o score ordinal,indice_cobertura_servicios_basicos
orga_muni_4,Organizaciones comunitarias/comité de agua,haven_labelled,2," Sí y está actualizado = 1; Sí y esta desactualizado = 2; No tiene, porque está en proceso de implementación = 3; No tiene, porque desconoce cómo implementarlo = 4",Servicios Básicos e Infraestructura,Categoría ordinal/nominal → one-hot o score ordinal,indice_cobertura_servicios_basicos
orga_muni_5,Organizaciones comunitarias/otro,haven_labelled,2," Sí y está actualizado = 1; Sí y esta desactualizado = 2; No tiene, porque está en proceso de implementación = 3; No tiene, porque desconoce cómo implementarlo = 4",Servicios Básicos e Infraestructura,Categoría ordinal/nominal → one-hot o score ordinal,indice_cobertura_servicios_basicos
actv_muni,¿Municipalidad informó?,haven_labelled,1,No = 0; Sí = 1,Servicios Básicos e Infraestructura,Dummy (0/1) + Conteo por bloque + % sobre total dummies del bloque,indice_cobertura_servicios_basicos
actv_muni_1,¿La municipalidad apoya a las organizaciones comunitarias de servicio de agua?,haven_labelled,2,No realizó = 0; Realizó = 1,Servicios Básicos e Infraestructura,Dummy (0/1) + Conteo por bloque + % sobre total dummies del bloque,indice_cobertura_servicios_basicos
actv_muni_2,Actividades que realiza la municipalidad/brindar asistencia técnica,haven_labelled,2," Sí y está actualizado = 1; Sí y esta desactualizado = 2; No tiene, porque está en proceso de implementación = 3; No tiene, porque desconoce cómo implementarlo = 4",Servicios Básicos e Infraestructura,Dummy (0/1) + Conteo por bloque + % sobre total dummies del bloque,indice_cobertura_servicios_basicos
actv_muni_3,Actividades que realiza la municipalidad/brindar capacitación,haven_labelled,2," Sí y está actualizado = 1; Sí y esta desactualizado = 2; No tiene, porque está en proceso de implementación = 3; No tiene, porque desconoce cómo implementarlo = 4",Servicios Básicos e Infraestructura,Categoría ordinal/nominal → one-hot o score ordinal,indice_cobertura_servicios_basicos
actv_muni_4,Actividades que realiza la municipalidad/realizar mantenimiento del sistema de s,haven_labelled,2," Sí y está actualizado = 1; Sí y esta desactualizado = 2; No tiene, porque está en proceso de implementación = 3; No tiene, porque desconoce cómo implementarlo = 4",Servicios Básicos e Infraestructura,Dummy (0/1) + Conteo por bloque + % sobre total dummies del bloque,indice_cobertura_servicios_basicos
actv_muni_5,Actividades de ampliación o rehabilitación de los sistemas de saneamiento,haven_labelled,2," Sí y está actualizado = 1; Sí y esta desactualizado = 2; No tiene, porque está en proceso de implementación = 3; No tiene, porque desconoce cómo implementarlo = 4",Servicios Básicos e Infraestructura,Dummy (0/1) + Conteo por bloque + % sobre total dummies del bloque,indice_cobertura_servicios_basicos
actv_muni_6,Actividades que realiza la municipalidad/otra actividad,haven_labelled,2," Sí y está actualizado = 1; Sí y esta desactualizado = 2; No tiene, porque está en proceso de implementación = 3; No tiene, porque desconoce cómo implementarlo = 4",Servicios Básicos e Infraestructura,Categoría ordinal/nominal → one-hot o score ordinal,indice_cobertura_servicios_basicos
ges_muni,¿Municipalidad informó?,haven_labelled,1,No = 0; Sí = 1,Otros/Metadatos,Dummy (0/1) + Conteo por bloque + % sobre total dummies del bloque,meta_identificadores
ges_muni_1,¿La poblacion participa en la gestión administrativa de la municipalidad?,haven_labelled,2,No = 0; Sí = 1,Participación y Concertación,Dummy (0/1) + Conteo por bloque + % sobre total dummies del bloque,indice_participacion_ciudadana
ges_muni_2,Participación de la población/formulando el Plan Desarrollo Municipal,haven_labelled,2," Sí y está actualizado = 1; Sí y esta desactualizado = 2; No tiene, porque está en proceso de implementación = 3; No tiene, porque desconoce cómo implementarlo = 4",Participación y Concertación,Categoría ordinal/nominal → one-hot o score ordinal,indice_participacion_ciudadana
ges_muni_3,Participación de la población/concertando el presupuesto municipal,haven_labelled,2," Sí y está actualizado = 1; Sí y esta desactualizado = 2; No tiene, porque está en proceso de implementación = 3; No tiene, porque desconoce cómo implementarlo = 4",Participación y Concertación,Categoría ordinal/nominal → one-hot o score ordinal,indice_participacion_ciudadana
ges_muni_4,Participación de la población/formulando y controlando planes económicos locales,haven_labelled,2," Sí y está actualizado = 1; Sí y esta desactualizado = 2; No tiene, porque está en proceso de implementación = 3; No tiene, porque desconoce cómo implementarlo = 4",Participación y Concertación,Categoría ordinal/nominal → one-hot o score ordinal,indice_participacion_ciudadana
ges_muni_5,Participación de la población/en el presupuesto participativo,haven_labelled,2," Sí y está actualizado = 1; Sí y esta desactualizado = 2; No tiene, porque está en proceso de implementación = 3; No tiene, porque desconoce cómo implementarlo = 4",Participación y Concertación,Categoría ordinal/nominal → one-hot o score ordinal,indice_participacion_ciudadana
ges_muni_6,Participación de la población/en cabildo abierto,haven_labelled,2," Sí y está actualizado = 1; Sí y esta desactualizado = 2; No tiene, porque está en proceso de implementación = 3; No tiene, porque desconoce cómo implementarlo = 4",Participación y Concertación,Categoría ordinal/nominal → one-hot o score ordinal,indice_participacion_ciudadana
ges_muni_7,Participación de la población/en audiencia públicas para rendición de cuentas,haven_labelled,2," Sí y está actualizado = 1; Sí y esta desactualizado = 2; No tiene, porque está en proceso de implementación = 3; No tiene, porque desconoce cómo implementarlo = 4",Participación y Concertación,Categoría ordinal/nominal → one-hot o score ordinal,indice_participacion_ciudadana
ges_muni_8,Participación de la población/en acciones de seguridad en el distrito,haven_labelled,2," Sí y está actualizado = 1; Sí y esta desactualizado = 2; No tiene, porque está en proceso de implementación = 3; No tiene, porque desconoce cómo implementarlo = 4",Participación y Concertación,Categoría ordinal/nominal → one-hot o score ordinal,indice_participacion_ciudadana
ges_muni_9,Participación de la población/en comités de gestión alimentaria,haven_labelled,2," Sí y está actualizado = 1; Sí y esta desactualizado = 2; No tiene, porque está en proceso de implementación = 3; No tiene, porque desconoce cómo implementarlo = 4",Participación y Concertación,Categoría ordinal/nominal → one-hot o score ordinal,indice_participacion_ciudadana
ges_muni_10,Participación de la población/en comité de ejecución de obras,haven_labelled,2," Sí y está actualizado = 1; Sí y esta desactualizado = 2; No tiene, porque está en proceso de implementación = 3; No tiene, porque desconoce cómo implementarlo = 4",Participación y Concertación,Categoría ordinal/nominal → one-hot o score ordinal,indice_participacion_ciudadana
ges_muni_11,Participación de la población/en juntas vecinales(comités vecinales),haven_labelled,2," Sí y está actualizado = 1; Sí y esta desactualizado = 2; No tiene, porque está en proceso de implementación = 3; No tiene, porque desconoce cómo implementarlo = 4",Participación y Concertación,Categoría ordinal/nominal → one-hot o score ordinal,indice_participacion_ciudadana
ges_muni_12,Participación de la población/otra,haven_labelled,1," Sí y está actualizado = 1; Sí y esta desactualizado = 2; No tiene, porque está en proceso de implementación = 3; No tiene, porque desconoce cómo implementarlo = 4",Participación y Concertación,Categoría ordinal/nominal → one-hot o score ordinal,indice_participacion_ciudadana
par_muni,¿Municipalidad informó?,haven_labelled,1,No = 0; Sí = 1,Participación y Concertación,Dummy (0/1) + Conteo por bloque + % sobre total dummies del bloque,indice_participacion_ciudadana
par_muni_1,¿La municipalidad participa en espaciós de concertación?,haven_labelled,2,No = 0; Sí = 1,Participación y Concertación,Dummy (0/1) + Conteo por bloque + % sobre total dummies del bloque,indice_participacion_ciudadana
par_muni_2,La municipalidad participa en el Consejo Participativo Local de Educación,haven_labelled,2," Sí y está actualizado = 1; Sí y esta desactualizado = 2; No tiene, porque está en proceso de implementación = 3; No tiene, porque desconoce cómo implementarlo = 4",Participación y Concertación,Categoría ordinal/nominal → one-hot o score ordinal,indice_participacion_ciudadana
par_muni_3,La municipalidad participa en el Consejo Local de Salud,haven_labelled,2," Sí y está actualizado = 1; Sí y esta desactualizado = 2; No tiene, porque está en proceso de implementación = 3; No tiene, porque desconoce cómo implementarlo = 4",Participación y Concertación,Categoría ordinal/nominal → one-hot o score ordinal,indice_participacion_ciudadana
par_muni_4,"La municipalidad participa en el Consejo Consultivo de Niñas, niños y adolescent",haven_labelled,2," Sí y está actualizado = 1; Sí y esta desactualizado = 2; No tiene, porque está en proceso de implementación = 3; No tiene, porque desconoce cómo implementarlo = 4",Participación y Concertación,Categoría ordinal/nominal → one-hot o score ordinal,indice_participacion_ciudadana
par_muni_5,La municipalidad participa en la mesa de concertación para la lucha contra la po,haven_labelled,2," Sí y está actualizado = 1; Sí y esta desactualizado = 2; No tiene, porque está en proceso de implementación = 3; No tiene, porque desconoce cómo implementarlo = 4",Participación y Concertación,Categoría ordinal/nominal → one-hot o score ordinal,indice_participacion_ciudadana
par_muni_6,Espacio de concertación en el  que participa la municipalidad / Otro,haven_labelled,2," Sí y está actualizado = 1; Sí y esta desactualizado = 2; No tiene, porque está en proceso de implementación = 3; No tiene, porque desconoce cómo implementarlo = 4",Participación y Concertación,Categoría ordinal/nominal → one-hot o score ordinal,indice_participacion_ciudadana
jun_muni,¿Municipalidad informó?,haven_labelled,1,No = 0; Sí = 1,Participación y Concertación,Dummy (0/1) + Conteo por bloque + % sobre total dummies del bloque,indice_participacion_ciudadana
jun_muni_1,¿La municipalidad tiene constituida la Junta de Delegados Vecinales?,haven_labelled,2,No tiene constituída = 0; Tiene constituída = 1,Participación y Concertación,Dummy (0/1) + Conteo por bloque + % sobre total dummies del bloque,indice_participacion_ciudadana
jun_muni_2,Número de miembros de la Junta de Delegados Vecinales/total,numeric,114,,Participación y Concertación,"Suma/Total + tasa per cápita (por 1,000 hab.)",indice_participacion_ciudadana
jun_muni_3,Número de miembros de la Junta de Delegados Vecinales/mujer,numeric,76,,Participación y Concertación,Proporción por sexo + Total,indice_participacion_ciudadana
jun_muni_4,Número de miembros de la Junta de Delegados Vecinales/hombre,numeric,85,,Participación y Concertación,Proporción por sexo + Total,indice_participacion_ciudadana
jun_muni_5,¿La Junta de Delegados Vecinales se encuentra en actividad?,haven_labelled,2," Sí y está actualizado = 1; Sí y esta desactualizado = 2; No tiene, porque está en proceso de implementación = 3; No tiene, porque desconoce cómo implementarlo = 4",Participación y Concertación,Dummy (0/1) + Conteo por bloque + % sobre total dummies del bloque,indice_participacion_ciudadana
ins_muni_2,¿En el distrito existen servicios de Centros comunitarios telefónicos?,haven_labelled,2,No = 0; Sí = 1,Servicios Básicos e Infraestructura,Dummy (0/1) + Conteo por bloque + % sobre total dummies del bloque,indice_cobertura_servicios_basicos
ins_muni_4,¿En el distrito existen servicios de Locutorios telefónicos?,haven_labelled,2," Sí y está actualizado = 1; Sí y esta desactualizado = 2; No tiene, porque está en proceso de implementación = 3; No tiene, porque desconoce cómo implementarlo = 4",Servicios Básicos e Infraestructura,Dummy (0/1) + Conteo por bloque + % sobre total dummies del bloque,indice_cobertura_servicios_basicos
ins_muni_6,¿En el distrito existen servicios de Mensajerías / Courier?,haven_labelled,2," Sí y está actualizado = 1; Sí y esta desactualizado = 2; No tiene, porque está en proceso de implementación = 3; No tiene, porque desconoce cómo implementarlo = 4",Servicios Básicos e Infraestructura,Dummy (0/1) + Conteo por bloque + % sobre total dummies del bloque,indice_cobertura_servicios_basicos
ins_muni_8,¿En el distrito existen servicios de Cabinas públicas de internet?,haven_labelled,2," Sí y está actualizado = 1; Sí y esta desactualizado = 2; No tiene, porque está en proceso de implementación = 3; No tiene, porque desconoce cómo implementarlo = 4",Servicios Básicos e Infraestructura,Dummy (0/1) + Conteo por bloque + % sobre total dummies del bloque,indice_cobertura_servicios_basicos
ins_muni_10,¿En el distrito existen Antenas parabólicas con servicios  de internet?,haven_labelled,2," Sí y está actualizado = 1; Sí y esta desactualizado = 2; No tiene, porque está en proceso de implementación = 3; No tiene, porque desconoce cómo implementarlo = 4",Servicios Básicos e Infraestructura,Dummy (0/1) + Conteo por bloque + % sobre total dummies del bloque,indice_cobertura_servicios_basicos
ins_muni_12,¿En el distrito existen antenas parabólicas con servicios de voz,haven_labelled,2," Sí y está actualizado = 1; Sí y esta desactualizado = 2; No tiene, porque está en proceso de implementación = 3; No tiene, porque desconoce cómo implementarlo = 4",Servicios Básicos e Infraestructura,Dummy (0/1) + Conteo por bloque + % sobre total dummies del bloque,indice_cobertura_servicios_basicos
ins_muni_14,¿En el distrito existen otros servicios de comunicación?,haven_labelled,2," Sí y está actualizado = 1; Sí y esta desactualizado = 2; No tiene, porque está en proceso de implementación = 3; No tiene, porque desconoce cómo implementarlo = 4",Servicios Básicos e Infraestructura,Dummy (0/1) + Conteo por bloque + % sobre total dummies del bloque,indice_cobertura_servicios_basicos
alum_muni_2,Cobertura del servicio de alumbrado público/Capital del distrito,haven_labelled,5,Menos del 25% = 1; De 25% a 49% = 2; De 50% a 74% = 3; De 75% a 100% = 4; No existe alumbrado público = 5,Servicios Básicos e Infraestructura,Categoría ordinal/nominal → one-hot o score ordinal,indice_cobertura_servicios_basicos
alum_muni_3,Cobertura del servicio de alumbrado público/fuera de la capital distrital,haven_labelled,5,Menos del 25% = 1; De 25% a 49% = 2; De 50% a 74% = 3; De 75% a 100% = 4; No existe alumbrado público = 5,Servicios Básicos e Infraestructura,Categoría ordinal/nominal → one-hot o score ordinal,indice_cobertura_servicios_basicos
redpot_muni_2,Cobertura de red de agua potable en el distrito/Capital del distrito,haven_labelled,5,Menos del 25% = 1; De 25% a 49% = 2; De 50% a 74% = 3; De 75% a 100% = 4; No existe red de agua potable = 5,Servicios Básicos e Infraestructura,Categoría ordinal/nominal → one-hot o score ordinal,indice_cobertura_servicios_basicos
redpot_muni_3,Cobertura de red de agua potable en el distrito/Fuera de la capital distrital,haven_labelled,5,Menos del 25% = 1; De 25% a 49% = 2; De 50% a 74% = 3; De 75% a 100% = 4; No existe red de agua potable = 5,Servicios Básicos e Infraestructura,Categoría ordinal/nominal → one-hot o score ordinal,indice_cobertura_servicios_basicos
enti_muni_2,Entidades u organizaciones/empresa prestadora municipal,haven_labelled,2,No existe = 0; Existe = 1,Servicios Básicos e Infraestructura,Categoría ordinal/nominal → one-hot o score ordinal,indice_cobertura_servicios_basicos
orga_muni_7,No supervisa organizaciones comunitarias,haven_labelled,2," Sí y está actualizado = 1; Sí y esta desactualizado = 2; No tiene, porque está en proceso de implementación = 3; No tiene, porque desconoce cómo implementarlo = 4",Servicios Básicos e Infraestructura,Dummy (0/1) + Conteo por bloque + % sobre total dummies del bloque,indice_cobertura_servicios_basicos
actv_muni_8,No realiza actividades,haven_labelled,2," Sí y está actualizado = 1; Sí y esta desactualizado = 2; No tiene, porque está en proceso de implementación = 3; No tiene, porque desconoce cómo implementarlo = 4",Servicios Básicos e Infraestructura,Dummy (0/1) + Conteo por bloque + % sobre total dummies del bloque,indice_cobertura_servicios_basicos
